Experiment:, 20% SOC
Start date:, Thursday, June 20, 2024
Start time:, 6:58:13 AM +02:00
Time (s), Voltage (V), Current (A), Reverse I (A), Charge (C), Frequency (Hz), V' (V), V'' (V), A' (A), A'' (A), Z' (Ohm), Z'' (Ohm), | Z | (Ohm), Phase (Deg), V Range (), I Range ()
1, 0.5475594, 0.009941142, , 0.009941142, 100000, 0.001385706, 9.544161e-05, 0.02635236, -0.004720415, 0.05032039, 0.01263548, 0.05188253, 14.09558, 1, 1
1, 0.5475594, 0.009941142, , 0.009941142, 79432.82, 0.000222128, -0.001243862, 0.001089328, -0.02455464, 0.05095791, 0.006785606, 0.05140772, 7.584941, 1, 1
1, 0.5475594, 0.009941142, , 0.009941142, 63095.73, 0.001172131, 0.0001807934, 0.02266412, 0.002832755, 0.05190365, 0.001489715, 0.05192503, 1.644026, 1, 1
1, 0.5475594, 0.009941142, , 0.009941142, 50118.72, 0.0005517951, 0.001014542, 0.009083277, 0.01962283, 0.05329847, -0.003448553, 0.05340991, -3.702029, 1, 1
2, 0.549897, -0.0001758999, , 0.009765242, 39810.71, 0.001103188, 0.0003845587, 0.01854826, 0.009671236, 0.05526278, -0.008081658, 0.05585058, -8.319988, 1, 1
2, 0.549897, -0.0001758999, , 0.009765242, 31622.77, 0.0007098285, -0.00100014, 0.01525003, -0.01399765, 0.05793383, -0.01240666, 0.0592474, -12.08745, 1, 1
2, 0.549897, -0.0001758999, , 0.009765242, 25118.86, -0.0008661086, -0.001014435, -0.00908243, -0.01897726, 0.06126508, -0.0163181, 0.06340103, -14.9146, 1, 1
2, 0.549897, -0.0001758999, , 0.009765242, 19952.62, -0.001409236, 0.0003686889, -0.02126734, -0.0008562274, 0.06545888, -0.01997131, 0.06843769, -16.96679, 1, 1
3, 0.5500528, -0.0009131107, , 0.008852132, 15848.93, 0.0008306981, -0.001314344, 0.01606491, -0.0134175, 0.07071342, -0.02275437, 0.07428425, -17.83729, 1, 1
3, 0.5500528, -0.0009131107, , 0.008852132, 12589.25, -0.0008694622, -0.001404256, -0.005059342, -0.01995928, 0.07648388, -0.02417443, 0.08021338, -17.5403, 1, 1
3, 0.5500528, -0.0009131107, , 0.008852132, 9999.997, -0.001022945, -0.001416471, -0.006766802, -0.01922539, 0.08221916, -0.02426915, 0.0857262, -16.44535, 1, 1
3, 0.5500528, -0.0009131107, , 0.008852132, 7943.28, -0.001765897, -0.0004923644, -0.01746325, -0.01027753, 0.08743117, -0.02326096, 0.09047255, -14.89836, 1, 1
4, 0.549897, -0.0002543266, , 0.008597805, 6309.571, 0.001754973, 0.0007386675, 0.01632512, 0.01187228, 0.09183665, -0.02153998, 0.0943289, -13.19994, 1, 1
4, 0.549897, -0.0002543266, , 0.008597805, 5011.871, 0.001420764, 0.001352083, 0.01150943, 0.0165211, 0.09543358, -0.01951309, 0.09740805, -11.55586, 1, 1
4, 0.549897, -0.0002543266, , 0.008597805, 3981.07, -0.002003606, 0.0001095092, -0.01996142, -0.002426738, 0.09825478, -0.01743101, 0.09978899, -10.05996, 1, 1
4, 0.549897, -0.0002543266, , 0.008597805, 3162.276, -0.001210493, -0.001643311, -0.009300205, -0.01780585, 0.1004068, -0.0155392, 0.1016022, -8.79744, 1, 1
5, 0.549897, -0.000599404, , 0.007998401, 2511.885, -0.001987846, -0.0005757079, -0.01835169, -0.008134264, 0.1021546, -0.01390852, 0.1030971, -7.753239, 1, 1
5, 0.549897, -0.000599404, , 0.007998401, 1995.261, 0.0002667399, 0.002077479, 0.0001342941, 0.02006841, 0.1036042, -0.01259823, 0.1043673, -6.933107, 1, 1
5, 0.549897, -0.000599404, , 0.007998401, 1584.892, 0.002100363, 0.0002513725, 0.01953805, 0.004556192, 0.1048022, -0.01157365, 0.1054394, -6.301825, 1, 1
5, 0.549897, -0.000599404, , 0.007998401, 1258.925, -0.0003158412, -0.00211158, -0.0009335862, -0.02003417, 0.1059036, -0.01083005, 0.1064559, -5.838955, 1, 1
6, 0.5503646, 0.003023909, , 0.01102231, 999.9994, -0.001153291, 0.001820698, -0.0123212, 0.01582534, 0.1069552, -0.01039636, 0.1074593, -5.551875, 1, 1
6, 0.5503646, 0.003023909, , 0.01102231, 794.3277, 0.0009028907, -0.001977548, 0.009997193, -0.01738639, 0.1079202, -0.01012337, 0.108394, -5.3589, 1, 1
6, 0.5503646, 0.003023909, , 0.01102231, 630.9569, -0.002141926, -0.0004740392, -0.01909291, -0.006122404, 0.1089437, -0.01010626, 0.1094114, -5.299928, 1, 1
6, 0.5503646, 0.003023909, , 0.01102231, 501.1869, 0.001325692, -0.001775031, 0.01344021, -0.01487783, 0.1100184, -0.01028228, 0.1104978, -5.339335, 1, 1
6, 0.5503646, 0.003023909, , 0.01102231, 398.1069, 0.0003323566, -0.002212395, 0.004853411, -0.01945525, 0.1110667, -0.01062417, 0.1115737, -5.464046, 1, 1
6, 0.5503646, 0.003023909, , 0.01102231, 316.2275, -0.0003297016, 0.0022368, -0.004873225, 0.01944714, 0.112221, -0.01116755, 0.1127753, -5.683014, 1, 1
7, 0.5500528, -0.0001288439, , 0.01089347, 251.1884, -0.002208728, -0.0006004498, -0.01869866, -0.007235507, 0.1135464, -0.01182524, 0.1141605, -5.945608, 1, 1
7, 0.5500528, -0.0001288439, , 0.01089347, 199.5261, -0.001858822, -0.00138147, -0.01467696, -0.01366513, 0.1147829, -0.0127447, 0.1154883, -6.335773, 1, 1
7, 0.5500528, -0.0001288439, , 0.01089347, 158.4892, -0.002105408, 0.00104233, -0.01888919, 0.006717481, 0.1163679, -0.0137979, 0.1171831, -6.762068, 1, 1
7, 0.5500528, -0.0001288439, , 0.01089347, 125.8924, 0.001766325, 0.001602335, 0.01301544, 0.01524996, 0.1179836, -0.01512904, 0.1189496, -7.307161, 1, 1
7, 0.5500528, -0.0001288439, , 0.01089347, 99.99991, 0.0008941481, 0.002252307, 0.004769769, 0.01947871, 0.1196927, -0.0165946, 0.1208376, -7.893361, 1, 1
7, 0.5500528, -0.0001288439, , 0.01089347, 79.43275, 0.001638769, 0.001842311, 0.01093812, 0.01679792, 0.121629, -0.01835808, 0.1230066, -8.583154, 1, 1
7, 0.5500528, -0.0001288439, , 0.01089347, 63.09567, 0.002514259, 8.649209e-05, 0.01965546, 0.003935007, 0.1238343, -0.02039111, 0.1255019, -9.350671, 1, 1
8, 0.5500528, -0.0001131585, , 0.01078031, 50.11867, 0.002354005, 0.001032239, 0.01665942, 0.01116163, 0.1261764, -0.02257552, 0.1281801, -10.14404, 1, 1
8, 0.5500528, -0.0001131585, , 0.01078031, 39.81068, -0.00246965, -0.0009172919, -0.01711724, -0.01043684, 0.1289964, -0.02506382, 0.1314088, -10.99548, 1, 1
8, 0.5500528, -0.0001131585, , 0.01078031, 31.62274, -0.002705745, -7.964447e-05, -0.01947577, -0.004756025, 0.1320525, -0.02815811, 0.1350213, -12.03714, 1, 1
8, 0.5500528, -0.0001131585, , 0.01078031, 25.11884, 0.001206571, 0.002515441, 0.004389255, 0.01956807, 0.1355586, -0.03125346, 0.1391147, -12.98286, 1, 1
8, 0.5500528, -0.0001131585, , 0.01078031, 19.9526, -0.002617647, 0.001183016, -0.01973132, 0.003544132, 0.1389509, -0.03499795, 0.1432906, -14.13719, 1, 1
8, 0.5500528, -0.0001131585, , 0.01078031, 15.84891, -0.002557033, 0.00152607, -0.01931812, 0.005352828, 0.1432548, -0.03930258, 0.1485484, -15.34186, 1, 1
9, 0.5497411, 7.506553e-05, , 0.01085537, 12.58924, -0.000101051, 0.003100125, -0.006343303, 0.01902532, 0.1482392, -0.0441136, 0.1546638, -16.57215, 1, 1
9, 0.5497411, 7.506553e-05, , 0.01085537, 9.999988, 0.002435937, -0.002104788, 0.01844826, -0.007848375, 0.1529051, -0.04904156, 0.1605772, -17.78271, 1, 1
9, 0.5497411, 7.506553e-05, , 0.01085537, 7.943272, -0.002480579, 0.002279127, -0.01837244, 0.008033589, 0.1588814, -0.05457844, 0.1679943, -18.95846, 1, 1
9, 0.5497411, 7.506553e-05, , 0.01085537, 6.309565, 0.00116238, -0.00333501, 0.0127543, -0.01547734, 0.1651892, -0.06102421, 0.1761006, -20.27524, 1, 1
9, 0.5497411, 7.506553e-05, , 0.01085537, 5.011866, 0.002703921, 0.002532652, 0.008676448, 0.01807759, 0.1722161, -0.0669169, 0.18476, -21.23431, 1, 1
10, 0.5502087, -1.904648e-05, , 0.01083633, 3.981066, -0.002615796, 0.002831107, -0.01825695, 0.00829302, 0.1771614, -0.07459649, 0.1922259, -22.83426, 1, 1
10, 0.5502087, -1.904648e-05, , 0.01083633, 3.162273, -0.003787504, -0.001391946, -0.01424491, -0.0141173, 0.1829943, -0.08363967, 0.2012027, -24.56332, 1, 1
11, 0.5509879, 0.0005769962, , 0.01141332, 2.511883, -0.0008740416, -0.004128715, 0.005304243, -0.01933854, 0.1870294, -0.09649595, 0.2104554, -27.29101, 1, 1
11, 0.5509879, 0.0005769962, , 0.01141332, 1.995259, 0.002303755, -0.003781693, 0.01769654, -0.009433011, 0.1900817, -0.112375, 0.2208149, -30.59129, 1, 1
12, 0.5486503, -0.004724647, , 0.006688675, 1.584891, 0.004144274, -0.002208723, 0.01992159, 0.002309093, 0.1925909, -0.1331938, 0.234162, -34.66733, 1, 1
13, 0.548962, -0.0005366626, , 0.006152012, 1.258924, 0.005041773, -0.0004581216, 0.01656534, 0.01129956, 0.194837, -0.1605577, 0.2524683, -39.49063, 1, 1
14, 0.5477152, -0.004457997, , 0.001694016, 0.999998, 0.00539773, 0.001393251, 0.01022244, 0.01725578, 0.1969361, -0.1961408, 0.2779479, -44.88406, 1, 1
15, 0.5497411, 0.004310107, , 0.006004123, 0.794327, 0.005612196, 0.002811811, 0.004454929, 0.01955329, 0.1988726, -0.2417103, 0.3130083, -50.55339, 1, 1
16, 0.5428841, 0.004514016, , 0.01051814, , , , , , , , , , 1, 1
17, 0.5442867, -0.01470052, , -0.004182382, 0.630956, 0.005891749, 0.004195978, -0.0005658303, 0.02004194, 0.2009003, -0.2996429, 0.3607587, -56.1595, 1, 1
18, 0.5431958, 0.01503888, , 0.01085649, , , , , , , , , , 1, 1
19, 0.5444425, -0.0161122, , -0.005255706, 0.501186, 0.006271433, 0.005767825, -0.00486722, 0.01945489, 0.2031116, -0.3731722, 0.4248668, -61.44126, 1, 1
20, 0.5325986, 0.005031632, , -0.0002240739, , , , , , , , , , 1, 1
21, 0.5522346, 0.008247126, , 0.008023052, 0.398106, 0.006872855, 0.007548869, -0.008103079, 0.01834294, 0.2058502, -0.4656218, 0.5090953, -66.14991, 1, 1
22, 0.5307286, -0.02371959, , -0.01569654, , , , , , , , , , 1, 1
23, 0.5301052, 0.01389385, , -0.001802691, , , , , , , , , , 1, 1
24, 0.5530139, 0.01190181, , 0.01009912, 0.316227, 0.007903448, 0.009552032, -0.01022186, 0.01724842, 0.2088824, -0.5820019, 0.618351, -70.25677, 1, 1
25, 0.5352479, -0.02477051, , -0.01467139, , , , , , , , , , 1, 1
26, 0.5160795, -0.007234301, , -0.02190569, , , , , , , , , , 1, 1
27, 0.5355596, 0.02449713, , 0.002591444, , , , , , , , , , 1, 1
28, 0.554728, 0.006411942, , 0.009003386, , , , , , , , , , 1, 1
29, 0.5350921, -0.02492736, , -0.01592398, 0.251188, 0.009304983, 0.01204235, -0.01179823, 0.01621623, 0.2125978, -0.7284838, 0.7588718, -73.73086, 1, 1
30, 0.5090666, -0.01738271, , -0.03330669, , , , , , , , , , 1, 1
31, 0.5138977, 0.01381542, , -0.01949127, , , , , , , , , , 1, 1
32, 0.5425725, 0.02572059, , 0.006229321, , , , , , , , , , 1, 1
33, 0.5559748, 0.001878879, , 0.008108201, , , , , , , , , , 1, 1
34, 0.5360271, -0.02437837, , -0.01627017, 0.199526, 0.0111037, 0.01516999, -0.01299823, 0.01526919, 0.2171217, -0.9120258, 0.9375142, -76.60913, 1, 1
35, 0.5064173, -0.0240333, , -0.04030347, , , , , , , , , , 1, 1
36, 0.4953526, -0.001916972, , -0.04222044, , , , , , , , , , 1, 1
37, 0.5132743, 0.02178357, , -0.02043688, , , , , , , , , , 1, 1
38, 0.5435075, 0.02537551, , 0.004938636, , , , , , , , , , 1, 1
39, 0.5584683, 0.005580618, , 0.01051925, , , , , , , , , , 1, 1
40, 0.5447543, -0.01917084, , -0.008651588, 0.158489, 0.01343944, 0.01908382, -0.0138804, 0.01446487, 0.2226936, -1.142805, 1.1643, -78.9732, 1, 1
41, 0.5146769, -0.027986, , -0.03663759, , , , , , , , , , 1, 1
42, 0.4884955, -0.01962572, , -0.05626331, , , , , , , , , , 1, 1
43, 0.4819502, 0.0002476042, , -0.0560157, , , , , , , , , , 1, 1
44, 0.4986252, 0.01986996, , -0.03614575, , , , , , , , , , 1, 1
45, 0.5288584, 0.02755577, , -0.008589972, , , , , , , , , , 1, 1
46, 0.5545723, 0.01872493, , 0.01013496, , , , , , , , , , 1, 1
47, 0.5606501, -0.001367986, , 0.008766972, , , , , , , , , , 1, 1
48, 0.5433517, -0.02072369, , -0.01195672, , , , , , , , , , 1, 1
49, 0.5131185, -0.02795463, , -0.03991135, , , , , , , , , , 1, 1
50, 0.4875605, -0.01885714, , -0.05876848, 0.125892, -0.02650838, 0.01196433, -0.01103164, -0.01674852, 0.2288509, -1.431994, 1.450166, -80.92019, 1, 1
51, 0.4799243, -0.001995399, , -0.06076388, , , , , , , , , , 1, 1
52, 0.4916124, 0.01477223, , -0.04599166, , , , , , , , , , 1, 1
53, 0.5184171, 0.02586176, , -0.0201299, , , , , , , , , , 1, 1
54, 0.5494295, 0.02692836, , 0.00679846, , , , , , , , , , 1, 1
55, 0.5729615, 0.01762696, , 0.02442542, , , , , , , , , , 1, 1
56, 0.5804419, 0.001502431, , 0.02592785, , , , , , , , , , 1, 1
57, 0.568598, -0.01523382, , 0.01069402, , , , , , , , , , 1, 1
58, 0.5419491, -0.02630767, , -0.01561365, , , , , , , , , , 1, 1
59, 0.5109367, -0.02738996, , -0.0430036, , , , , , , , , , 1, 1
60, 0.487093, -0.01819835, , -0.06120196, 0.1, -0.03326326, 0.0144499, -0.01035387, -0.0171735, 0.2393449, -1.792594, 1.808502, -82.39492, 1, 1
61, 0.4777425, -0.004599165, , -0.06580112, , , , , , , , , , 1, 1
62, 0.484132, 0.009203931, , -0.05659719, , , , , , , , , , 1, 1
63, 0.5043913, 0.02082677, , -0.03577042, , , , , , , , , , 1, 1
64, 0.5336895, 0.02724207, , -0.008528356, , , , , , , , , , 1, 1
65, 0.5647019, 0.02695973, , 0.01843138, , , , , , , , , , 1, 1
66, 0.590104, 0.02007387, , 0.03850525, , , , , , , , , , 1, 1
67, 0.6035064, 0.008121643, , 0.04662689, , , , , , , , , , 1, 1
68, 0.6016363, -0.005744195, , 0.0408827, , , , , , , , , , 1, 1
69, 0.5851172, -0.01829246, , 0.02259023, , , , , , , , , , 1, 1
70, 0.5578449, -0.02648021, , -0.00388998, , , , , , , , , , 1, 1
71, 0.5265208, -0.02822128, , -0.03211126, , , , , , , , , , 1, 1
72, 0.4986252, -0.02318629, , -0.05529755, , , , , , , , , , 1, 1
73, 0.481171, -0.01294376, , -0.06824131, 0.079433, -0.04173387, 0.01765256, -0.009814222, -0.01747966, 0.2513942, -2.246418, 2.260441, -83.61466, 1, 1
74, 0.4755607, -0.001995399, , -0.07023671, , , , , , , , , , 1, 1
75, 0.4827294, 0.008984337, , -0.06125238, , , , , , , , , , 1, 1
76, 0.5011187, 0.01869356, , -0.04255882, , , , , , , , , , 1, 1
77, 0.5279234, 0.02534414, , -0.01721467, , , , , , , , , , 1, 1
78, 0.55878, 0.02802633, , 0.01081166, , , , , , , , , , 1, 1
79, 0.5893248, 0.02637937, , 0.03719103, , , , , , , , , , 1, 1
80, 0.614727, 0.02060717, , 0.05779821, , , , , , , , , , 1, 1
81, 0.6307786, 0.01147831, , 0.06927651, , , , , , , , , , 1, 1
82, 0.6349863, 0.0006397376, , 0.06991625, , , , , , , , , , 1, 1
83, 0.6270384, -0.01032431, , 0.05959193, , , , , , , , , , 1, 1
84, 0.6078699, -0.01979826, , 0.03979368, , , , , , , , , , 1, 1
85, 0.5807536, -0.02619787, , 0.01359581, , , , , , , , , , 1, 1
86, 0.5491178, -0.02856636, , -0.01497055, , , , , , , , , , 1, 1
87, 0.5185729, -0.02655864, , -0.04152919, , , , , , , , , , 1, 1
88, 0.49395, -0.02047273, , -0.06200191, , , , , , , , , , 1, 1
89, 0.4783659, -0.01172031, , -0.07372222, 0.063096, -0.05244261, 0.02171294, -0.009372159, -0.01772721, 0.2650906, -2.818161, 2.830602, -84.62628, 1, 1
90, 0.4727556, -0.003046317, , -0.07676854, , , , , , , , , , 1, 1
91, 0.4771191, 0.005784527, , -0.07098401, , , , , , , , , , 1, 1
92, 0.4906773, 0.01411344, , -0.05687057, , , , , , , , , , 1, 1
93, 0.5123392, 0.02104636, , -0.03582421, , , , , , , , , , 1, 1
94, 0.5400791, 0.02579902, , -0.01002519, , , , , , , , , , 1, 1
95, 0.5709355, 0.02801065, , 0.01798546, , , , , , , , , , 1, 1
96, 0.6021038, 0.02747735, , 0.0454628, , , , , , , , , , 1, 1
97, 0.6304669, 0.02418343, , 0.06964623, , , , , , , , , , 1, 1
98, 0.652908, 0.01852102, , 0.08816725, , , , , , , , , , 1, 1
99, 0.6675571, 0.01089795, , 0.0990652, , , , , , , , , , 1, 1
100, 0.6730116, 0.002286698, , 0.1013519, , , , , , , , , , 1, 1
101, 0.6684922, -0.006528461, , 0.09482343, , , , , , , , , , 1, 1
102, 0.6544665, -0.01477895, , 0.08004449, , , , , , , , , , 1, 1
103, 0.6321812, -0.02166481, , 0.05837967, , , , , , , , , , 1, 1
104, 0.6044415, -0.0263861, , 0.03199357, , , , , , , , , , 1, 1
105, 0.573429, -0.02853499, , 0.003458583, , , , , , , , , , 1, 1
106, 0.5422608, -0.02789189, , -0.02443331, , , , , , , , , , 1, 1
107, 0.5142093, -0.02458228, , -0.04901559, , , , , , , , , , 1, 1
108, 0.4917682, -0.01885714, , -0.06787273, , , , , , , , , , 1, 1
109, 0.4771191, -0.0116262, , -0.07949892, 0.050119, -0.06578746, 0.02678534, -0.009014557, -0.01790915, 0.2819454, -3.531482, 3.542719, -85.43532, 1, 1
110, 0.4702621, -0.004756019, , -0.08425494, , , , , , , , , , 1, 1
111, 0.4711972, 0.002271013, , -0.08198392, , , , , , , , , , 1, 1
112, 0.4799243, 0.009172561, , -0.07281137, , , , , , , , , , 1, 1
113, 0.4958201, 0.01558786, , -0.0572235, , , , , , , , , , 1, 1
114, 0.5179495, 0.02096793, , -0.03625557, , , , , , , , , , 1, 1
115, 0.5449101, 0.02498338, , -0.01127219, , , , , , , , , , 1, 1
116, 0.5749874, 0.02743029, , 0.0161581, , , , , , , , , , 1, 1
117, 0.6063116, 0.02813613, , 0.04429423, , , , , , , , , , 1, 1
118, 0.6368564, 0.02714795, , 0.07144219, , , , , , , , , , 1, 1
119, 0.6647521, 0.02441871, , 0.09586089, , , , , , , , , , 1, 1
120, 0.688284, 0.02018367, , 0.1160446, , , , , , , , , , 1, 1
121, 0.7063616, 0.01456832, , 0.1306129, , , , , , , , , , 1, 1
122, 0.7171147, 0.008058902, , 0.1386718, , , , , , , , , , 1, 1
123, 0.7203873, 0.001110298, , 0.1397821, , , , , , , , , , 1, 1
124, 0.7157121, -0.005916733, , 0.1338653, , , , , , , , , , 1, 1
125, 0.7038682, -0.01261437, , 0.121251, , , , , , , , , , 1, 1
126, 0.6851672, -0.01859049, , 0.1026605, , , , , , , , , , 1, 1
127, 0.6610118, -0.02340588, , 0.0792546, , , , , , , , , , 1, 1
128, 0.6324929, -0.02677823, , 0.05247637, , , , , , , , , , 1, 1
129, 0.6016363, -0.02850362, , 0.02397275, , , , , , , , , , 1, 1
130, 0.5703122, -0.02839382, , -0.004421072, , , , , , , , , , 1, 1
131, 0.5403907, -0.02665275, , -0.03107382, , , , , , , , , , 1, 1
132, 0.5138977, -0.02326472, , -0.05433854, , , , , , , , , , 1, 1
133, 0.4925474, -0.01833952, , -0.07267806, , , , , , , , , , 1, 1
134, 0.4775867, -0.01248889, , -0.08516695, 0.039811, -0.08259163, 0.03302474, -0.008690878, -0.01806574, 0.30151, -4.42668, 4.436936, -86.10349, 1, 1
135, 0.4688595, -0.007030392, , -0.09219734, , , , , , , , , , 1, 1
136, 0.4660544, -0.001477783, , -0.09367512, , , , , , , , , , 1, 1
137, 0.4694829, 0.004137568, , -0.08953755, , , , , , , , , , 1, 1
138, 0.4789892, 0.009549009, , -0.07998855, , , , , , , , , , 1, 1
139, 0.4942617, 0.01466243, , -0.06532612, , , , , , , , , , 1, 1
140, 0.5146769, 0.01925823, , -0.04606788, , , , , , , , , , 1, 1
141, 0.5394557, 0.0229286, , -0.02313928, , , , , , , , , , 1, 1
142, 0.567663, 0.02572059, , 0.00258131, , , , , , , , , , 1, 1
143, 0.5978961, 0.02747735, , 0.03005866, , , , , , , , , , 1, 1
144, 0.6287527, 0.02818319, , 0.05824184, , , , , , , , , , 1, 1
145, 0.6597651, 0.02775968, , 0.08600153, , , , , , , , , , 1, 1
146, 0.6890633, 0.02622252, , 0.112224, , , , , , , , , , 1, 1
147, 0.7160238, 0.0236815, , 0.1359055, , , , , , , , , , 1, 1
148, 0.7389325, 0.02018367, , 0.1560892, , , , , , , , , , 1, 1
149, 0.7576334, 0.01582314, , 0.1719124, , , , , , , , , , 1, 1
150, 0.7718149, 0.01078815, , 0.1827005, , , , , , , , , , 1, 1
151, 0.7797629, 0.005423766, , 0.1881243, , , , , , , , , , 1, 1
152, 0.7811654, -0.0001758999, , 0.1879484, , , , , , , , , , 1, 1
153, 0.7763343, -0.005728509, , 0.1822199, , , , , , , , , , 1, 1
154, 0.764958, -0.01113995, , 0.1710799, , , , , , , , , , 1, 1
155, 0.7484387, -0.01612789, , 0.154952, , , , , , , , , , 1, 1
156, 0.7274002, -0.02051978, , 0.1344322, , , , , , , , , , 1, 1
157, 0.7021539, -0.02406467, , 0.1103676, , , , , , , , , , 1, 1
158, 0.6737908, -0.02665275, , 0.08371483, , , , , , , , , , 1, 1
159, 0.6432459, -0.02823697, , 0.05547786, , , , , , , , , , 1, 1
160, 0.6119218, -0.02872321, , 0.02675465, , , , , , , , , , 1, 1
161, 0.5809094, -0.02808012, , -0.001325468, , , , , , , , , , 1, 1
162, 0.5517671, -0.02637041, , -0.02769588, , , , , , , , , , 1, 1
163, 0.5252741, -0.02359411, , -0.05128999, , , , , , , , , , 1, 1
164, 0.5026771, -0.01993942, , -0.07122941, , , , , , , , , , 1, 1
165, 0.4849112, -0.01545342, , -0.08668283, , , , , , , , , , 1, 1
166, 0.4724439, -0.0107635, , -0.09744633, 0.031623, -0.1035293, 0.04096908, -0.008459783, -0.01817631, 0.326335, -5.543954, 5.553551, -86.63127, 1, 1
167, 0.4646519, -0.00646572, , -0.103912, , , , , , , , , , 1, 1
168, 0.4616908, -0.002073826, , -0.1059859, , , , , , , , , , 1, 1
169, 0.4635609, 0.002427866, , -0.103558, , , , , , , , , , 1, 1
170, 0.4704179, 0.006804075, , -0.09675393, , , , , , , , , , 1, 1
171, 0.4819502, 0.01100775, , -0.08574619, , , , , , , , , , 1, 1
172, 0.4980019, 0.01503888, , -0.07070731, , , , , , , , , , 1, 1
173, 0.5179495, 0.01867787, , -0.05202944, , , , , , , , , , 1, 1
174, 0.5414816, 0.02181494, , -0.0302145, , , , , , , , , , 1, 1
175, 0.5679746, 0.02432459, , -0.005889905, , , , , , , , , , 1, 1
176, 0.5968052, 0.02626958, , 0.02037967, , , , , , , , , , 1, 1
177, 0.6270384, 0.02755577, , 0.04793544, , , , , , , , , , 1, 1
178, 0.6580508, 0.02815182, , 0.07608727, , , , , , , , , , 1, 1
179, 0.6889074, 0.02802633, , 0.1041136, , , , , , , , , , 1, 1
180, 0.7191406, 0.02722638, , 0.13134, , , , , , , , , , 1, 1
181, 0.7476596, 0.02573628, , 0.1570763, , , , , , , , , , 1, 1
182, 0.774776, 0.02360307, , 0.1806793, , , , , , , , , , 1, 1
183, 0.798308, 0.02088951, , 0.2015688, , , , , , , , , , 1, 1
184, 0.8180998, 0.01761127, , 0.2191801, , , , , , , , , , 1, 1
185, 0.8339956, 0.01384679, , 0.2330269, , , , , , , , , , 1, 1
186, 0.8456837, 0.009752918, , 0.2427798, , , , , , , , , , 1, 1
187, 0.8526966, 0.005455135, , 0.248235, , , , , , , , , , 1, 1
188, 0.8548784, 0.001031871, , 0.2492668, , , , , , , , , , 1, 1
189, 0.8523849, -0.00343845, , 0.2458284, , , , , , , , , , 1, 1
190, 0.8452162, -0.007814659, , 0.2380137, , , , , , , , , , 1, 1
191, 0.8333722, -0.01200264, , 0.2260111, , , , , , , , , , 1, 1
192, 0.8174765, -0.01595535, , 0.2100557, , , , , , , , , , 1, 1
193, 0.7973729, -0.01953161, , 0.1905241, , , , , , , , , , 1, 1
194, 0.7735292, -0.02262162, , 0.1679025, , , , , , , , , , 1, 1
195, 0.7464128, -0.02508421, , 0.1428183, , , , , , , , , , 1, 1
196, 0.7177381, -0.02698214, , 0.1158361, , , , , , , , , , 1, 1
197, 0.6875048, -0.0282056, , 0.08763055, , , , , , , , , , 1, 1
198, 0.6564924, -0.02872321, , 0.05890734, , , , , , , , , , 1, 1
199, 0.6253242, -0.02858204, , 0.03032529, , , , , , , , , , 1, 1
200, 0.595091, -0.0276723, , 0.002652997, , , , , , , , , , 1, 1
201, 0.5664162, -0.02613513, , -0.02348213, , , , , , , , , , 1, 1
202, 0.5399232, -0.02395487, , -0.047437, , , , , , , , , , 1, 1
203, 0.5163911, -0.02117857, , -0.06861557, , , , , , , , , , 1, 1
204, 0.4964435, -0.0178219, , -0.08643748, , , , , , , , , , 1, 1
205, 0.4805476, -0.01404174, , -0.1004792, 0.025119, -0.1295928, 0.05070512, -0.008253178, -0.01827229, 0.3558623, -6.931577, 6.940706, -87.06106, 1, 1
206, 0.4688595, -0.01037137, , -0.1108506, , , , , , , , , , 1, 1
207, 0.4609116, -0.006983336, , -0.1178339, , , , , , , , , , 1, 1
208, 0.4568598, -0.003485506, , -0.1213194, , , , , , , , , , 1, 1
209, 0.4567039, 4.369486e-05, , -0.1212757, , , , , , , , , , 1, 1
210, 0.4602883, 0.003604266, , -0.1176715, , , , , , , , , , 1, 1
211, 0.4677687, 0.00705504, , -0.1106164, , , , , , , , , , 1, 1
212, 0.4789892, 0.01044307, , -0.1001733, , , , , , , , , , 1, 1
213, 0.49395, 0.01365857, , -0.08651478, , , , , , , , , , 1, 1
214, 0.5118718, 0.01674858, , -0.0697662, , , , , , , , , , 1, 1
215, 0.5329103, 0.01949351, , -0.05027269, , , , , , , , , , 1, 1
216, 0.5567541, 0.02189337, , -0.02837932, , , , , , , , , , 1, 1
217, 0.5826237, 0.02393246, , -0.004446865, , , , , , , , , , 1, 1
218, 0.6108309, 0.02561079, , 0.02116393, , , , , , , , , , 1, 1
219, 0.6401291, 0.02688131, , 0.04804523, , , , , , , , , , 1, 1
220, 0.6705181, 0.02772831, , 0.07577354, , , , , , , , , , 1, 1
221, 0.7013747, 0.02813613, , 0.1039097, , , , , , , , , , 1, 1
222, 0.7319196, 0.02812045, , 0.1320301, , , , , , , , , , 1, 1
223, 0.7627762, 0.0276342, , 0.1596643, , , , , , , , , , 1, 1
224, 0.7926977, 0.02672445, , 0.1863888, , , , , , , , , , 1, 1
225, 0.8204374, 0.02537551, , 0.2117643, , , , , , , , , , 1, 1
226, 0.8461512, 0.02366581, , 0.2354301, , , , , , , , , , 1, 1
227, 0.8698391, 0.0215326, , 0.2569627, , , , , , , , , , 1, 1
228, 0.890566, 0.01910138, , 0.2760641, , , , , , , , , , 1, 1
229, 0.9083319, 0.0162937, , 0.2923578, , , , , , , , , , 1, 1
230, 0.9228252, 0.01318801, , 0.3055458, , , , , , , , , , 1, 1
231, 0.9342015, 0.009925457, , 0.3154713, , , , , , , , , , 1, 1
232, 0.9418378, 0.006537424, , 0.3220087, , , , , , , , , , 1, 1
233, 0.9458896, 0.003055279, , 0.3250639, , , , , , , , , , 1, 1
234, 0.9463571, -0.0004896065, , 0.3245744, , , , , , , , , , 1, 1
235, 0.9429287, -0.004003122, , 0.3205712, , , , , , , , , , 1, 1
236, 0.9359158, -0.007516637, , 0.3130546, , , , , , , , , , 1, 1
237, 0.9251627, -0.0108733, , 0.3021813, , , , , , , , , , 1, 1
238, 0.911137, -0.01408879, , 0.2880925, , , , , , , , , , 1, 1
239, 0.8938387, -0.01711606, , 0.2709764, , , , , , , , , , 1, 1
240, 0.8734235, -0.01992374, , 0.2510527, , , , , , , , , , 1, 1
241, 0.8505148, -0.02235497, , 0.2286977, , , , , , , , , , 1, 1
242, 0.8249568, -0.02444112, , 0.2042566, , , , , , , , , , 1, 1
243, 0.7975287, -0.02611945, , 0.1781372, , , , , , , , , , 1, 1
244, 0.7680748, -0.02740564, , 0.1507315, , , , , , , , , , 1, 1
245, 0.7373741, -0.02828402, , 0.1224475, , , , , , , , , , 1, 1
246, 0.7065175, -0.0287389, , 0.0937086, , , , , , , , , , 1, 1
247, 0.6756609, -0.02872321, , 0.06498539, , , , , , , , , , 1, 1
248, 0.6452718, -0.02825265, , 0.03673274, , , , , , , , , , 1, 1
249, 0.6155062, -0.02738996, , 0.009342778, , , , , , , , , , 1, 1
250, 0.5871431, -0.02607239, , -0.01672961, , , , , , , , , , 1, 1
251, 0.5606501, -0.02436269, , -0.0410923, , , , , , , , , , 1, 1
252, 0.5361829, -0.02227654, , -0.06336884, , , , , , , , , , 1, 1
253, 0.5143652, -0.01984531, , -0.08321416, , , , , , , , , , 1, 1
254, 0.4956642, -0.01703764, , -0.1002518, , , , , , , , , , 1, 1
255, 0.480236, -0.013979, , -0.1142308, , , , , , , , , , 1, 1
256, 0.4682362, -0.01101447, , -0.1252453, 0.019953, -0.1618204, 0.06299973, -0.00810947, -0.01832793, 0.3924115, -8.655538, 8.664428, -87.40419, 1, 1
257, 0.4591974, -0.00831659, , -0.1335618, , , , , , , , , , 1, 1
258, 0.4528079, -0.005571655, , -0.1391335, , , , , , , , , , 1, 1
259, 0.4492235, -0.002779666, , -0.1419132, , , , , , , , , , 1, 1
260, 0.4493794, 2.800953e-05, , -0.1418852, , , , , , , , , , 1, 1
261, 0.4531196, 0.002835685, , -0.1390495, , , , , , , , , , 1, 1
262, 0.4593532, 0.00561199, , -0.1334375, , , , , , , , , , 1, 1
263, 0.468392, 0.008341238, , -0.1250962, , , , , , , , , , 1, 1
264, 0.4805476, 0.01097637, , -0.1141199, , , , , , , , , , 1, 1
265, 0.4953526, 0.01356445, , -0.1005554, , , , , , , , , , 1, 1
266, 0.5126509, 0.01601137, , -0.08454405, , , , , , , , , , 1, 1
267, 0.5327545, 0.01831711, , -0.06622694, , , , , , , , , , 1, 1
268, 0.5550398, 0.0203562, , -0.04587073, , , , , , , , , , 1, 1
269, 0.5790393, 0.02220707, , -0.02366366, , , , , , , , , , 1, 1
270, 0.6050649, 0.02382266, , 0.0001590037, , , , , , , , , , 1, 1
271, 0.6328046, 0.02520297, , 0.02536198, , , , , , , , , , 1, 1
272, 0.6616352, 0.02633232, , 0.0516943, , , , , , , , , , 1, 1
273, 0.6912451, 0.02717933, , 0.07887362, , , , , , , , , , 1, 1
274, 0.7214782, 0.02779105, , 0.1066647, , , , , , , , , , 1, 1
275, 0.752179, 0.02812045, , 0.1347851, , , , , , , , , , 1, 1
276, 0.7838147, 0.02815182, , 0.1629369, , , , , , , , , , 1, 1
277, 0.8138921, 0.02790085, , 0.1908378, , , , , , , , , , 1, 1
278, 0.8436578, 0.02739892, , 0.2182367, , , , , , , , , , 1, 1
279, 0.8723326, 0.02658328, , 0.24482, , , , , , , , , , 1, 1
280, 0.8997606, 0.02554805, , 0.270368, , , , , , , , , , 1, 1
281, 0.9256303, 0.02424617, , 0.2946142, , , , , , , , , , 1, 1
282, 0.9497857, 0.02269332, , 0.3173075, , , , , , , , , , 1, 1
283, 0.9719151, 0.02088951, , 0.3381971, , , , , , , , , , 1, 1
284, 0.9921745, 0.01891315, , 0.3571102, , , , , , , , , , 1, 1
285, 1.00994, 0.01670152, , 0.3738117, , , , , , , , , , 1, 1
286, 1.025057, 0.0142703, , 0.388082, , , , , , , , , , 1, 1
287, 1.03768, 0.0116979, , 0.3997799, , , , , , , , , , 1, 1
288, 1.047654, 0.009109819, , 0.4088897, , , , , , , , , , 1, 1
289, 1.054979, 0.006396256, , 0.415286, , , , , , , , , , 1, 1
290, 1.059342, 0.003635637, , 0.4189216, , , , , , , , , , 1, 1
291, 1.0609, 0.0008436469, , 0.4197653, , , , , , , , , , 1, 1
292, 1.059498, -0.002011084, , 0.4177542, , , , , , , , , , 1, 1
293, 1.054979, -0.004787389, , 0.4129668, , , , , , , , , , 1, 1
294, 1.047654, -0.007548008, , 0.4054188, , , , , , , , , , 1, 1
295, 1.03768, -0.0102302, , 0.3951886, , , , , , , , , , 1, 1
296, 1.025057, -0.01283397, , 0.3823546, , , , , , , , , , 1, 1
297, 1.009629, -0.01532793, , 0.3670267, , , , , , , , , , 1, 1
298, 0.9918628, -0.01769642, , 0.3493303, , , , , , , , , , 1, 1
299, 0.9719151, -0.019861, , 0.3294693, , , , , , , , , , 1, 1
300, 0.9497857, -0.02182166, , 0.3076476, , , , , , , , , , 1, 1
301, 0.9254745, -0.02359411, , 0.2840535, , , , , , , , , , 1, 1
302, 0.8996047, -0.02508421, , 0.2589693, , , , , , , , , , 1, 1
303, 0.8723326, -0.02637041, , 0.2325989, , , , , , , , , , 1, 1
304, 0.8435019, -0.02737427, , 0.2052246, , , , , , , , , , 1, 1
305, 0.8138921, -0.02812717, , 0.1770974, , , , , , , , , , 1, 1
306, 0.7835031, -0.02858204, , 0.1485154, , , , , , , , , , 1, 1
307, 0.7518673, -0.02880164, , 0.1197137, , , , , , , , , , 1, 1
308, 0.7213224, -0.02869184, , 0.0910219, , , , , , , , , , 1, 1
309, 0.6907775, -0.02833108, , 0.06269082, , , , , , , , , , 1, 1
310, 0.6611676, -0.02771935, , 0.03497147, , , , , , , , , , 1, 1
311, 0.632337, -0.02679392, , 0.008177552, , , , , , , , , , 1, 1
312, 0.6047531, -0.02560183, , -0.01742428, , , , , , , , , , 1, 1
313, 0.5787276, -0.02422152, , -0.0416458, , , , , , , , , , 1, 1
314, 0.5545723, -0.0225275, , -0.0641733, , , , , , , , , , 1, 1
315, 0.5322869, -0.02066095, , -0.08483426, , , , , , , , , , 1, 1
316, 0.5118718, -0.01855912, , -0.1033934, , , , , , , , , , 1, 1
317, 0.4941058, -0.01628474, , -0.1196781, , , , , , , , , , 1, 1
318, 0.4793009, -0.01380646, , -0.1334846, , , , , , , , , , 1, 1
319, 0.4671453, -0.0112968, , -0.1447814, 0.015849, -0.201765, 0.07819744, -0.007986958, -0.01838622, 0.432339, -10.7859, 10.79456, -87.7046, 1, 1
320, 0.457639, -0.00878715, , -0.1535685, , , , , , , , , , 1, 1
321, 0.4506261, -0.006183384, , -0.1597519, , , , , , , , , , 1, 1
322, 0.4462626, -0.003563933, , -0.1633158, , , , , , , , , , 1, 1
323, 0.4454834, -0.0008974253, , -0.1642133, , , , , , , , , , 1, 1
324, 0.4476651, 0.001784767, , -0.1624285, , , , , , , , , , 1, 1
325, 0.4535871, 0.004404219, , -0.1580243, , , , , , , , , , 1, 1
326, 0.4612233, 0.00702367, , -0.1510006, , , , , , , , , , 1, 1
327, 0.4716647, 0.009549009, , -0.1414516, , , , , , , , , , 1, 1
328, 0.4849112, 0.01202729, , -0.1294243, , , , , , , , , , 1, 1
329, 0.500807, 0.01444283, , -0.1149815, , , , , , , , , , 1, 1
330, 0.5190404, 0.01671721, , -0.09826427, , , , , , , , , , 1, 1
331, 0.5396115, 0.01881904, , -0.07944523, , , , , , , , , , 1, 1
332, 0.5622085, 0.02071697, , -0.05872826, , , , , , , , , , 1, 1
333, 0.5868314, 0.02244236, , -0.0362859, , , , , , , , , , 1, 1
334, 0.6130127, 0.0238854, , -0.0124005, , , , , , , , , , 1, 1
335, 0.6404408, 0.02521866, , 0.01281816, , , , , , , , , , 1, 1
336, 0.6692714, 0.02630095, , 0.03911911, , , , , , , , , , 1, 1
337, 0.6990371, 0.02713227, , 0.06625137, , , , , , , , , , 1, 1
338, 0.7292703, 0.02769694, , 0.09394832, , , , , , , , , , 1, 1
339, 0.759971, 0.02804202, , 0.1219903, , , , , , , , , , 1, 1
340, 0.791451, 0.0281675, , 0.1501578, , , , , , , , , , 1, 1
341, 0.8216841, 0.02801065, , 0.1781685, , , , , , , , , , 1, 1
342, 0.8511382, 0.02755577, , 0.2057243, , , , , , , , , , 1, 1
343, 0.8801246, 0.02691268, , 0.2326369, , , , , , , , , , 1, 1
344, 0.9078644, 0.02600293, , 0.2586399, , , , , , , , , , 1, 1
345, 0.9345132, 0.02488927, , 0.2835291, , , , , , , , , , 1, 1
346, 0.9596037, 0.02354033, , 0.3070695, , , , , , , , , , 1, 1
347, 0.9831357, 0.02195611, , 0.3290256, , , , , , , , , , 1, 1
348, 1.004642, 0.02024641, , 0.349272, , , , , , , , , , 1, 1
349, 1.023966, 0.01831711, , 0.3675891, , , , , , , , , , 1, 1
350, 1.040953, 0.01610548, , 0.3836946, , , , , , , , , , 1, 1
351, 1.055914, 0.01378405, , 0.3974786, , , , , , , , , , 1, 1
352, 1.068381, 0.01136851, , 0.4088471, , , , , , , , , , 1, 1
353, 1.078199, 0.008874539, , 0.4177217, , , , , , , , , , 1, 1
354, 1.085368, 0.00631783, , 0.4240395, , , , , , , , , , 1, 1
355, 1.090355, 0.003698378, , 0.4277379, , , , , , , , , , 1, 1
356, 1.092381, 0.001063242, , 0.4288011, , , , , , , , , , 1, 1
357, 1.09129, -0.001618951, , 0.4271822, , , , , , , , , , 1, 1
358, 1.08677, -0.004269773, , 0.4229124, , , , , , , , , , 1, 1
359, 1.080381, -0.006889224, , 0.4160232, , , , , , , , , , 1, 1
360, 1.071186, -0.009430248, , 0.4065929, , , , , , , , , , 1, 1
361, 1.059654, -0.01192422, , 0.3946687, , , , , , , , , , 1, 1
362, 1.045472, -0.01432407, , 0.3803446, , , , , , , , , , 1, 1
363, 1.028641, -0.01662982, , 0.3637148, , , , , , , , , , 1, 1
364, 1.009629, -0.01877871, , 0.3449361, , , , , , , , , , 1, 1
365, 0.988746, -0.02077075, , 0.3241653, , , , , , , , , , 1, 1
366, 0.9658373, -0.02254319, , 0.3016222, , , , , , , , , , 1, 1
367, 0.9412144, -0.02412741, , 0.2774948, , , , , , , , , , 1, 1
368, 0.9148772, -0.02546066, , 0.2520341, , , , , , , , , , 1, 1
369, 0.8871375, -0.02662138, , 0.2254127, , , , , , , , , , 1, 1
370, 0.8586185, -0.02751544, , 0.1978973, , , , , , , , , , 1, 1
371, 0.828697, -0.02822128, , 0.169676, , , , , , , , , , 1, 1
372, 0.7984638, -0.0286291, , 0.1410469, , , , , , , , , , 1, 1
373, 0.7674514, -0.02881733, , 0.1122296, , , , , , , , , , 1, 1
374, 0.736439, -0.02872321, , 0.08350636, , , , , , , , , , 1, 1
375, 0.7063616, -0.02839382, , 0.05511254, , , , , , , , , , 1, 1
376, 0.6767517, -0.02782915, , 0.02728339, , , , , , , , , , 1, 1
377, 0.6476095, -0.0270292, , 0.0002541919, , , , , , , , , , 1, 1
378, 0.6197138, -0.02594691, , -0.02569272, , , , , , , , , , 1, 1
379, 0.5932208, -0.02469208, , -0.0503848, , , , , , , , , , 1, 1
380, 0.5681304, -0.02320197, , -0.07358677, , , , , , , , , , 1, 1
381, 0.5450659, -0.02149227, , -0.09507904, , , , , , , , , , 1, 1
382, 0.5240274, -0.01957866, , -0.1146577, , , , , , , , , , 1, 1
383, 0.5051706, -0.01752388, , -0.1321816, , , , , , , , , , 1, 1
384, 0.4888073, -0.01528088, , -0.1474625, , , , , , , , , , 1, 1
385, 0.4749373, -0.01289671, , -0.1603592, , , , , , , , , , 1, 1
386, 0.4707296, -0.00111702, , -0.1614762, 0.015, -0.2130409, 0.08198707, -0.007892598, -0.01843054, 0.4238551, -11.37761, 11.38551, -87.86652, 1, 1
