Experiment:, 0%_SOC
Start date:, Friday, June 21, 2024
Start time:, 7:52:50 AM +02:00
Time (s), Voltage (V), Current (A), Reverse I (A), Charge (C), Frequency (Hz), V' (V), V'' (V), A' (A), A'' (A), Z' (Ohm), Z'' (Ohm), | Z | (Ohm), Phase (Deg), V Range (), I Range ()
1, 0.004015722, -0.05648626, , -0.05648626, 10000, 0.0002654099, -0.0005918461, -0.1329338, -0.1462567, 0.001312759, 0.003007862, 0.003281854, 66.4215, 2, 1
1, 0.004015722, -0.05648626, , -0.05648626, 7943.282, 0.000534325, 0.0001832985, 0.1601053, -0.1184106, 0.001609989, 0.002335577, 0.002836721, 55.42024, 2, 1
1, 0.004015722, -0.05648626, , -0.05648626, 6309.573, -1.762957e-05, 0.0005104731, 0.1385554, 0.1437782, 0.001779599, 0.001837571, 0.002558054, 45.91819, 2, 1
1, 0.004015722, -0.05648626, , -0.05648626, 5011.872, -0.0003616534, -0.0003070285, -0.1997004, -0.008552943, 0.001873391, 0.001457211, 0.002373406, 37.87744, 2, 1
2, 0.003906708, -0.00740684, , -0.0638931, 3981.071, -9.749202e-05, -0.0004399808, -0.1376051, -0.1452337, 0.001931535, 0.001158801, 0.002252476, 30.96114, 2, 1
2, 0.003906708, -0.00740684, , -0.0638931, 3162.277, 0.0003976907, -0.0001779879, 0.1311796, -0.1512115, 0.001973467, 0.0009180004, 0.002176533, 24.9465, 2, 1
2, 0.003906708, -0.00740684, , -0.0638931, 2511.886, 0.0002618518, -0.0003344094, 0.0618098, -0.1904218, 0.001992566, 0.0007283395, 0.002121508, 20.0788, 2, 1
2, 0.003906708, -0.00740684, , -0.0638931, 1995.262, -0.0004164824, -4.180253e-05, -0.1970496, 0.03575743, 0.002008943, 0.0005766932, 0.002090078, 16.01682, 2, 1
3, 0.004015722, 0.04757026, , -0.01632284, 1584.893, -0.0003442615, 0.0002286127, -0.1381876, 0.1450007, 0.002011955, 0.000456786, 0.002063156, 12.79137, 2, 1
3, 0.004015722, 0.04757026, , -0.01632284, 1258.925, 4.977595e-05, -0.0004059206, -0.01054765, -0.1999868, 0.002011016, 0.0003549606, 0.002042102, 10.01006, 2, 1
3, 0.004015722, 0.04757026, , -0.01632284, 999.9998, 0.0001395526, -0.0003808855, 0.04275237, -0.1956766, 0.002006541, 0.0002747811, 0.002025268, 7.797737, 2, 1
3, 0.004015722, 0.04757026, , -0.01632284, 794.328, -0.0001240262, 0.0003884949, -0.04116526, 0.1960335, 0.002025326, 0.0002073787, 0.002035915, 5.8463, 2, 1
3, 0.004015722, 0.04757026, , -0.01632284, 630.9572, 0.0003796799, 0.0001469947, 0.1918526, 0.05743106, 0.002026758, 0.0001594757, 0.002033023, 4.499055, 2, 1
4, 0.003953428, -0.00064646, , -0.0169693, 501.1871, -0.000238437, 0.000328584, -0.1078709, 0.1687357, 0.002023649, 0.0001193825, 0.002027167, 3.376175, 2, 1
4, 0.003953428, -0.00064646, , -0.0169693, 398.107, 2.050439e-05, 0.0004060861, 0.01774186, 0.1994945, 0.002028671, 7.763621e-05, 0.002030156, 2.191611, 2, 1
4, 0.003953428, -0.00064646, , -0.0169693, 316.2276, 3.256724e-05, -0.0004042025, 0.01150897, -0.1999159, 0.002024531, 4.635438e-05, 0.002025062, 1.311635, 2, 1
4, 0.003953428, -0.00064646, , -0.0169693, 251.1885, 0.0004042014, 5.327514e-05, 0.1988501, 0.02380563, 0.002035594, 2.422198e-05, 0.002035738, 0.6817428, 2, 1
4, 0.003953428, -0.00064646, , -0.0169693, 199.5261, 0.0003592189, 0.0001982154, 0.1755901, 0.09634908, 0.002048438, 4.842465e-06, 0.002048443, 0.1354458, 2, 1
4, 0.003953428, -0.00064646, , -0.0169693, 158.4892, 0.0003410668, -0.0002311556, 0.1666302, -0.1110331, 0.002057615, -1.615656e-05, 0.002057678, -0.449882, 2, 1
5, 0.003953428, -0.0006621453, , -0.01763144, 125.8925, -0.0003421017, -0.000228653, -0.164414, -0.1143409, 0.002054333, -3.796116e-05, 0.002054684, -1.058624, 2, 1
5, 0.003953428, -0.0006621453, , -0.01763144, 99.99994, -0.0001988475, -0.0003617778, -0.09200481, -0.1779088, 0.002060462, -5.213352e-05, 0.002061122, -1.44938, 2, 1
5, 0.003953428, -0.0006621453, , -0.01763144, 79.43277, -0.0003019264, -0.000281103, -0.142075, -0.1410758, 0.002059312, -6.627467e-05, 0.002060378, -1.843309, 2, 1
5, 0.003953428, -0.0006621453, , -0.01763144, 63.09569, -0.0004115718, 3.727829e-05, -0.1999687, 0.01034362, 0.002062305, -7.974537e-05, 0.002063847, -2.214414, 2, 1
5, 0.003953428, -0.0006621453, , -0.01763144, 50.11869, -0.0004130774, -5.328687e-05, -0.1971764, -0.03506115, 0.002077336, -9.913411e-05, 0.0020797, -2.732182, 2, 1
5, 0.003953428, -0.0006621453, , -0.01763144, 39.81069, 0.0004080396, 9.773659e-05, 0.1920408, 0.05669251, 0.002092627, -0.0001088295, 0.002095455, -2.977051, 2, 1
5, 0.003953428, -0.0006621453, , -0.01763144, 31.62275, 0.0004200857, -3.345187e-05, 0.2002226, -0.003898071, 0.00210055, -0.0001261784, 0.002104336, -3.437584, 2, 1
6, 0.003984575, -0.001697378, , -0.01932882, 25.11885, -0.0002258632, -0.0003625736, -0.09346204, -0.1771316, 0.002127431, -0.0001525935, 0.002132897, -4.102608, 2, 1
6, 0.003984575, -0.001697378, , -0.01932882, 19.95261, 0.0003709043, -0.0002153403, 0.1804195, -0.08679511, 0.002135705, -0.0001661217, 0.002142155, -4.447687, 2, 1
6, 0.003984575, -0.001697378, , -0.01932882, 15.84892, 0.000350441, -0.0002524656, 0.171861, -0.1027604, 0.002149113, -0.0001839978, 0.002156975, -4.893486, 2, 1
6, 0.003984575, -0.001697378, , -0.01932882, 12.58924, -1.643543e-05, -0.0004356619, 0.01190668, -0.1999071, 0.002166739, -0.0002112686, 0.002177014, -5.569041, 2, 1
6, 0.003984575, -0.001697378, , -0.01932882, 9.999991, -0.0003208926, 0.0003056951, -0.1595182, 0.1210329, 0.00219946, -0.0002475469, 0.002213346, -6.421556, 2, 1
7, 0.004031295, -0.001901287, , -0.02123011, 7.943275, 0.0003159134, -0.0003175997, 0.1568623, -0.1245273, 0.002221353, -0.0002612532, 0.002236663, -6.707741, 2, 1
7, 0.004031295, -0.001901287, , -0.02123011, 6.309568, -0.0001370117, 0.0004359021, -0.08385949, 0.1818914, 0.002262801, -0.0002899842, 0.002281306, -7.302808, 2, 1
7, 0.004031295, -0.001901287, , -0.02123011, 5.011868, -0.0003409833, -0.0003135397, -0.1268864, -0.1549313, 0.002290134, -0.0003252816, 0.00231312, -8.083993, 2, 1
7, 0.004031295, -0.001901287, , -0.02123011, 3.981068, 0.0003173685, -0.0003477907, 0.1556927, -0.1259862, 0.002324169, -0.0003531154, 0.00235084, -8.63899, 2, 1
8, 0.004015722, 0.001612229, , -0.01961788, 3.162275, 0.0004481775, 0.0001713284, 0.1729699, 0.1010005, 0.002363564, -0.000389621, 0.002395463, -9.36072, 2, 1
8, 0.004015722, 0.001612229, , -0.01961788, 2.511884, 8.60195e-05, 0.0004873505, -0.003088824, 0.2002445, 0.002426573, -0.0004670028, 0.002471103, -10.89359, 2, 1
9, 0.003969001, -0.03623649, , -0.05585437, 1.99526, -0.0002924133, 0.0004085172, -0.1475761, 0.1354334, 0.002454583, -0.0005155628, 0.002508143, -11.86202, 2, 1
9, 0.003969001, -0.03623649, , -0.05585437, 1.584892, -0.0004778352, 0.0001825673, -0.1984338, 0.02726883, 0.002487491, -0.0005782095, 0.002553809, -13.08584, 2, 1
10, 0.004078016, 0.005392395, , -0.05046197, 1.258924, -0.000518312, -4.674619e-05, -0.1883819, -0.0679681, 0.002513697, -0.0006587951, 0.002598593, -14.6859, 2, 1
11, 0.004124735, -0.007312728, , -0.0577747, 0.999999, -0.0004656343, -0.0002464039, -0.1419605, -0.1413071, 0.002515431, -0.0007681316, 0.002630099, -16.98098, 2, 1
12, 0.004296043, 0.009109819, , -0.04866488, , , , , , , , , , 2, 1
13, 0.004576365, 0.1249774, , 0.07631251, 0.794327, -0.0003951397, -0.0003676017, -0.09190185, -0.1779675, 0.002535876, -0.0009107731, 0.002694471, -19.75602, 2, 1
14, 0.003937854, -0.1179885, , -0.04167595, 0.630957, -0.0003218456, -0.0004490098, -0.04455107, -0.1952482, 0.002543391, -0.00106805, 0.002758545, -22.77906, 2, 1
15, 0.004903407, 0.1288674, , 0.08719141, , , , , , , , , , 2, 1
16, 0.003922281, -0.1321994, , -0.04500797, 0.501187, -0.0002617272, -0.0005102925, -0.001467904, -0.2002965, 0.002557125, -0.001287959, 0.002863167, -26.73323, 2, 1
17, 0.005214876, 0.2033884, , 0.1583804, , , , , , , , , , 2, 1
18, 0.004140309, -0.2064224, , -0.04804196, , , , , , , , , , 2, 1
19, 0.004623086, 0.1163191, , 0.06827714, 0.398107, -0.000225314, -0.0005606676, 0.03259336, -0.1976334, 0.002578754, -0.001565344, 0.003016666, -31.25841, 2, 1
20, 0.005479625, 0.1353925, , 0.2036696, , , , , , , , , , 2, 1
21, 0.00418703, -0.2364441, , -0.03277454, , , , , , , , , , 2, 1
22, 0.004436204, 0.04736635, , 0.01459181, 0.316227, -0.0002251183, -0.0006011004, 0.05588659, -0.1923161, 0.002568519, -0.001916969, 0.003205005, -36.73517, 2, 1
23, 0.005759947, 0.2462721, , 0.2608639, , , , , , , , , , 2, 1
24, 0.005370611, -0.06967763, , 0.1911863, , , , , , , , , , 2, 1
25, 0.004140309, -0.2464357, , -0.0552494, , , , , , , , , , 2, 1
26, 0.004623086, 0.06722399, , 0.01197459, 0.251188, -0.0002464672, -0.0006574229, 0.07368103, -0.1862613, 0.002599373, -0.00235149, 0.003505174, -42.13367, 2, 1
27, 0.005931254, 0.2656435, , 0.2776181, , , , , , , , , , 2, 1
28, 0.006196002, 0.08143491, , 0.359053, , , , , , , , , , 2, 1
29, 0.005105862, -0.2157081, , 0.1433449, , , , , , , , , , 2, 1
30, 0.004218176, -0.2167747, , -0.07342982, , , , , , , , , , 2, 1
31, 0.004763247, 0.07658814, , 0.003158318, 0.199526, -0.0002913702, -0.0007233546, 0.08765819, -0.1800999, 0.00261055, -0.002888432, 0.00389333, -47.89289, 2, 1
32, 0.006024695, 0.265267, , 0.2684254, , , , , , , , , , 2, 1
33, 0.00677222, 0.1956555, , 0.4640809, , , , , , , , , , 2, 1
34, 0.006398457, -0.05298843, , 0.4110925, , , , , , , , , , 2, 1
35, 0.00523045, -0.2538235, , 0.157269, , , , , , , , , , 2, 1
36, 0.004405058, -0.2236449, , -0.06637588, , , , , , , , , , 2, 1
37, 0.00468538, 0.01011368, , -0.0562622, 0.158489, -0.0003624427, -0.0008093837, 0.09821137, -0.1745353, 0.002634634, -0.003559129, 0.004428171, -53.48942, 2, 1
38, 0.00577552, 0.2226657, , 0.1664035, , , , , , , , , , 2, 1
39, 0.006881235, 0.2731097, , 0.4395132, , , , , , , , , , 2, 1
40, 0.007426304, 0.1611007, , 0.600614, , , , , , , , , , 2, 1
41, 0.007083689, -0.04688684, , 0.5537271, , , , , , , , , , 2, 1
42, 0.006071415, -0.2274564, , 0.3262707, , , , , , , , , , 2, 1
43, 0.005027995, -0.273336, , 0.05293465, , , , , , , , , , 2, 1
44, 0.004560792, -0.1571704, , -0.1042358, , , , , , , , , , 2, 1
45, 0.004996848, 0.0519151, , -0.05232068, 0.125892, -0.0004633581, -0.0009194158, 0.1067758, -0.1694622, 0.002650417, -0.004404278, 0.00514027, -58.96121, 2, 1
46, 0.006040269, 0.2191835, , 0.1668629, , , , , , , , , , 2, 1
47, 0.007145983, 0.2790701, , 0.445933, , , , , , , , , , 2, 1
48, 0.007986948, 0.2320455, , 0.6779785, , , , , , , , , , 2, 1
49, 0.008204976, 0.09625755, , 0.7742361, , , , , , , , , , 2, 1
50, 0.007784493, -0.07661055, , 0.6976255, , , , , , , , , , 2, 1
51, 0.006834513, -0.2203667, , 0.4772589, , , , , , , , , , 2, 1
52, 0.005759947, -0.2802689, , 0.1969899, , , , , , , , , , 2, 1
53, 0.004996848, -0.2332914, , -0.03630146, , , , , , , , , , 2, 1
54, 0.00482554, -0.09742498, , -0.1337264, , , , , , , , , , 2, 1
55, 0.00532389, 0.07547448, , -0.05825197, 0.1, -0.0005979105, -0.001061034, 0.1141711, -0.1645789, 0.00265096, -0.005471986, 0.006080314, -64.15166, 2, 1
56, 0.00627387, 0.2104625, , 0.1522105, , , , , , , , , , 2, 1
57, 0.007364011, 0.2738783, , 0.4260888, , , , , , , , , , 2, 1
58, 0.008345137, 0.2703962, , 0.696485, , , , , , , , , , 2, 1
59, 0.009030368, 0.2006278, , 0.8971128, , , , , , , , , , 2, 1
60, 0.009201676, 0.08201526, , 0.979128, , , , , , , , , , 2, 1
61, 0.008874634, -0.05705093, , 0.9220771, , , , , , , , , , 2, 1
62, 0.008111537, -0.1821415, , 0.7399356, , , , , , , , , , 2, 1
63, 0.007099262, -0.2629523, , 0.4769833, , , , , , , , , , 2, 1
64, 0.006102562, -0.2798925, , 0.1970908, , , , , , , , , , 2, 1
65, 0.005386184, -0.228523, , -0.03143222, , , , , , , , , , 2, 1
66, 0.005105862, -0.1216588, , -0.153091, , , , , , , , , , 2, 1
67, 0.005355037, 0.01478791, , -0.1383031, , , , , , , , , , 2, 1
68, 0.006071415, 0.1465761, , 0.008272972, 0.079433, -0.0007795023, -0.001234627, 0.1192063, -0.1609303, 0.002637018, -0.006797052, 0.007290663, -68.79549, 2, 1
69, 0.007052541, 0.2328455, , 0.2411184, , , , , , , , , , 2, 1
70, 0.008080389, 0.2762782, , 0.5173966, , , , , , , , , , 2, 1
71, 0.009092662, 0.2767487, , 0.7941453, , , , , , , , , , 2, 1
72, 0.009886907, 0.2342571, , 1.028402, , , , , , , , , , 2, 1
73, 0.01038526, 0.1552501, , 1.183653, , , , , , , , , , 2, 1
74, 0.01046313, 0.05224449, , 1.235897, , , , , , , , , , 2, 1
75, 0.01015166, -0.05915277, , 1.176744, , , , , , , , , , 2, 1
76, 0.009497572, -0.1614055, , 1.015339, , , , , , , , , , 2, 1
77, 0.008578739, -0.2386558, , 0.776683, , , , , , , , , , 2, 1
78, 0.007566466, -0.2790141, , 0.497669, , , , , , , , , , 2, 1
79, 0.006600912, -0.2761437, , 0.2215252, , , , , , , , , , 2, 1
80, 0.005884534, -0.2306562, , -0.009130996, , , , , , , , , , 2, 1
81, 0.005495198, -0.1492964, , -0.1584274, , , , , , , , , , 2, 1
82, 0.005510772, -0.04503596, , -0.2034634, , , , , , , , , , 2, 1
83, 0.005915681, 0.06632993, , -0.1371334, , , , , , , , , , 2, 1
84, 0.006678779, 0.165822, , 0.02868859, 0.063096, -0.001018415, -0.001465203, 0.123201, -0.1579173, 0.0026401, -0.008508742, 0.008908918, -72.76188, 2, 1
85, 0.007582038, 0.2312769, , 0.2599655, , , , , , , , , , 2, 1
86, 0.008578739, 0.2703491, , 0.5303146, , , , , , , , , , 2, 1
87, 0.009606585, 0.2826621, , 0.8129768, , , , , , , , , , 2, 1
88, 0.01057214, 0.2671493, , 1.080126, , , , , , , , , , 2, 1
89, 0.01133524, 0.2253322, , 1.305458, , , , , , , , , , 2, 1
90, 0.01183359, 0.1612889, , 1.466747, , , , , , , , , , 2, 1
91, 0.01205161, 0.08132511, , 1.548072, , , , , , , , , , 2, 1
92, 0.0119426, -0.006716685, , 1.541356, , , , , , , , , , 2, 1
93, 0.01153769, -0.09417813, , 1.447178, , , , , , , , , , 2, 1
94, 0.01086803, -0.1723695, , 1.274808, , , , , , , , , , 2, 1
95, 0.0100115, -0.2337149, , 1.041093, , , , , , , , , , 2, 1
96, 0.009030368, -0.2721439, , 0.7689492, , , , , , , , , , 2, 1
97, 0.008049241, -0.2838766, , 0.4850726, , , , , , , , , , 2, 1
98, 0.007145983, -0.267705, , 0.2173676, , , , , , , , , , 2, 1
99, 0.006460751, -0.2252605, , -0.007892864, , , , , , , , , , 2, 1
100, 0.006024695, -0.1606996, , -0.1685925, , , , , , , , , , 2, 1
101, 0.005900107, -0.08046914, , -0.2490616, , , , , , , , , , 2, 1
102, 0.006071415, 0.007651083, , -0.2414106, , , , , , , , , , 2, 1
103, 0.006538619, 0.09503409, , -0.1463765, , , , , , , , , , 2, 1
104, 0.007254996, 0.1718609, , 0.0254844, 0.050119, -0.001324723, -0.00174275, 0.126335, -0.1554398, 0.00258047, -0.01061972, 0.01092874, -76.34247, 2, 1
105, 0.008142683, 0.2244538, , 0.2499382, , , , , , , , , , 2, 1
106, 0.009139382, 0.2602791, , 0.5102173, , , , , , , , , , 2, 1
107, 0.01015166, 0.279823, , 0.7900404, , , , , , , , , , 2, 1
108, 0.01113278, 0.2818935, , 1.071934, , , , , , , , , , 2, 1
109, 0.01205161, 0.2663023, , 1.338236, , , , , , , , , , 2, 1
110, 0.01284586, 0.2342101, , 1.572446, , , , , , , , , , 2, 1
111, 0.01357781, 0.1874835, , 1.75993, , , , , , , , , , 2, 1
112, 0.0139983, 0.1290713, , 1.889001, , , , , , , , , , 2, 1
113, 0.01413846, 0.06259681, , 1.951598, , , , , , , , , , 2, 1
114, 0.01406059, -0.007893085, , 1.943705, , , , , , , , , , 2, 1
115, 0.0137024, -0.07791243, , 1.865792, , , , , , , , , , 2, 1
116, 0.01304832, -0.1430693, , 1.722723, , , , , , , , , , 2, 1
117, 0.01228522, -0.1994424, , 1.523281, , , , , , , , , , 2, 1
118, 0.0114131, -0.2433457, , 1.279935, , , , , , , , , , 2, 1
119, 0.01046313, -0.2721596, , 1.007775, , , , , , , , , , 2, 1
120, 0.009497572, -0.2840648, , 0.7237105, , , , , , , , , , 2, 1
121, 0.008563166, -0.2784024, , 0.4453081, , , , , , , , , , 2, 1
122, 0.007753347, -0.255392, , 0.1899161, , , , , , , , , , 2, 1
123, 0.007083689, -0.216461, , -0.02654489, , , , , , , , , , 2, 1
124, 0.006616486, -0.164119, , -0.1906639, , , , , , , , , , 2, 1
125, 0.006414031, -0.1017385, , -0.2924024, , , , , , , , , , 2, 1
126, 0.006429604, -0.03287983, , -0.3252822, , , , , , , , , , 2, 1
127, 0.006678779, 0.03793947, , -0.2873427, , , , , , , , , , 2, 1
128, 0.007177129, 0.1063275, , -0.1810152, , , , , , , , , , 2, 1
129, 0.007877935, 0.1677199, , -0.01329526, 0.039811, -0.001713303, -0.002098196, 0.1285865, -0.1535451, 0.002539477, -0.01328499, 0.01352553, -79.17824, 2, 1
130, 0.008703327, 0.2127055, , 0.1994102, , , , , , , , , , 2, 1
131, 0.009606585, 0.2454565, , 0.4448667, , , , , , , , , , 2, 1
132, 0.01058771, 0.2686708, , 0.7135375, , , , , , , , , , 2, 1
133, 0.01158441, 0.2812504, , 0.9947879, , , , , , , , , , 2, 1
134, 0.01259669, 0.2826934, , 1.277481, , , , , , , , , , 2, 1
135, 0.01367125, 0.2729686, , 1.55045, , , , , , , , , , 2, 1
136, 0.01455894, 0.2525776, , 1.803028, , , , , , , , , , 2, 1
137, 0.01529089, 0.2221324, , 2.02516, , , , , , , , , , 2, 1
138, 0.01589825, 0.1829818, , 2.208142, , , , , , , , , , 2, 1
139, 0.01631874, 0.1366002, , 2.344742, , , , , , , , , , 2, 1
140, 0.01656791, 0.08488568, , 2.429628, , , , , , , , , , 2, 1
141, 0.01663021, 0.02968898, , 2.459316, , , , , , , , , , 2, 1
142, 0.01649004, -0.02671549, , 2.432601, , , , , , , , , , 2, 1
143, 0.01620972, -0.0820063, , 2.350595, , , , , , , , , , 2, 1
144, 0.01568023, -0.1340973, , 2.216497, , , , , , , , , , 2, 1
145, 0.01502614, -0.1809651, , 2.035532, , , , , , , , , , 2, 1
146, 0.0142319, -0.220696, , 1.814836, , , , , , , , , , 2, 1
147, 0.01325077, -0.2518314, , 1.563005, , , , , , , , , , 2, 1
148, 0.01225407, -0.2730694, , 1.289935, , , , , , , , , , 2, 1
149, 0.01128852, -0.2835001, , 1.006435, , , , , , , , , , 2, 1
150, 0.01035411, -0.2829198, , 0.7235156, , , , , , , , , , 2, 1
151, 0.009450852, -0.2711558, , 0.4523599, , , , , , , , , , 2, 1
152, 0.00867218, -0.2487728, , 0.2035871, , , , , , , , , , 2, 1
153, 0.008002521, -0.2166022, , -0.01301511, , , , , , , , , , 2, 1
154, 0.007473025, -0.1759144, , -0.1889295, , , , , , , , , , 2, 1
155, 0.007130409, -0.1283721, , -0.3173017, , , , , , , , , , 2, 1
156, 0.006990248, -0.07577923, , -0.3930809, , , , , , , , , , 2, 1
157, 0.007036968, -0.02020608, , -0.413287, , , , , , , , , , 2, 1
158, 0.00727057, 0.03611997, , -0.377167, , , , , , , , , , 2, 1
159, 0.007691053, 0.09100296, , -0.286164, , , , , , , , , , 2, 1
160, 0.008282844, 0.1422313, , -0.1439328, , , , , , , , , , 2, 1
161, 0.009030368, 0.1866521, , 0.04271936, 0.031623, -0.002211303, -0.002547236, 0.1305155, -0.1519182, 0.002452097, -0.01666252, 0.01684199, -81.6283, 2, 1
162, 0.009855761, 0.2188071, , 0.2615264, , , , , , , , , , 2, 1
163, 0.01075902, 0.2443899, , 0.5059163, , , , , , , , , , 2, 1
164, 0.01172457, 0.2640279, , 0.7699443, , , , , , , , , , 2, 1
165, 0.01272127, 0.2770154, , 1.04696, , , , , , , , , , 2, 1
166, 0.01384256, 0.2831327, , 1.330092, , , , , , , , , , 2, 1
167, 0.01485483, 0.2822229, , 1.612315, , , , , , , , , , 2, 1
168, 0.01580481, 0.2741763, , 1.886492, , , , , , , , , , 2, 1
169, 0.0166925, 0.2593694, , 2.145861, , , , , , , , , , 2, 1
170, 0.01748675, 0.2381471, , 2.384008, , , , , , , , , , 2, 1
171, 0.01818755, 0.2109644, , 2.594972, , , , , , , , , , 2, 1
172, 0.01877934, 0.1784958, , 2.773468, , , , , , , , , , 2, 1
173, 0.01923097, 0.1415568, , 2.915025, , , , , , , , , , 2, 1
174, 0.01954244, 0.1011357, , 3.016161, , , , , , , , , , 2, 1
175, 0.01972932, 0.05818924, , 3.07435, , , , , , , , , , 2, 1
176, 0.01972932, 0.01375268, , 3.088103, , , , , , , , , , 2, 1
177, 0.01957358, -0.03106033, , 3.057042, , , , , , , , , , 2, 1
178, 0.01929326, -0.07512044, , 2.981922, , , , , , , , , , 2, 1
179, 0.01885721, -0.1172983, , 2.864624, , , , , , , , , , 2, 1
180, 0.01828099, -0.1565273, , 2.708096, , , , , , , , , , 2, 1
181, 0.01759576, -0.1919605, , 2.516136, , , , , , , , , , 2, 1
182, 0.01681709, -0.2226097, , 2.293526, , , , , , , , , , 2, 1
183, 0.01596055, -0.2477219, , 2.045804, , , , , , , , , , 2, 1
184, 0.01505729, -0.2667325, , 1.779072, , , , , , , , , , 2, 1
185, 0.01412288, -0.2791239, , 1.499948, , , , , , , , , , 2, 1
186, 0.01304832, -0.2845353, , 1.215412, , , , , , , , , , 2, 1
187, 0.01208276, -0.2829354, , 0.9324769, , , , , , , , , , 2, 1
188, 0.0111795, -0.2742614, , 0.6582155, , , , , , , , , , 2, 1
189, 0.01035411, -0.2588271, , 0.3993884, , , , , , , , , , 2, 1
190, 0.009606585, -0.2370245, , 0.1623639, , , , , , , , , , 2, 1
191, 0.008968075, -0.2092614, , -0.04689754, , , , , , , , , , 2, 1
192, 0.008438578, -0.1763536, , -0.2232511, , , , , , , , , , 2, 1
193, 0.008064816, -0.1390696, , -0.3623207, , , , , , , , , , 2, 1
194, 0.007831214, -0.09836611, , -0.4606868, , , , , , , , , , 2, 1
195, 0.007737773, -0.05518438, , -0.5158712, , , , , , , , , , 2, 1
196, 0.007800066, -0.0106537, , -0.5265249, , , , , , , , , , 2, 1
197, 0.008033669, 0.03417499, , -0.4923499, , , , , , , , , , 2, 1
198, 0.008376285, 0.07806256, , -0.4142873, , , , , , , , , , 2, 1
199, 0.008905781, 0.1199581, , -0.2943293, , , , , , , , , , 2, 1
200, 0.009528719, 0.1588891, , -0.1354401, , , , , , , , , , 2, 1
201, 0.01026067, 0.192393, , 0.05695283, 0.025119, -0.002827812, -0.003125498, 0.1322215, -0.1504764, 0.002402851, -0.02090374, 0.02104139, -83.44272, 2, 1
202, 0.01108606, 0.2173013, , 0.2742541, , , , , , , , , , 2, 1
203, 0.01195817, 0.2384294, , 0.5126836, , , , , , , , , , 2, 1
204, 0.01290815, 0.2557931, , 0.7684767, , , , , , , , , , 2, 1
205, 0.01398272, 0.2691884, , 1.037665, , , , , , , , , , 2, 1
206, 0.01496385, 0.2782389, , 1.315904, , , , , , , , , , 2, 1
207, 0.01597612, 0.2830229, , 1.598927, , , , , , , , , , 2, 1
208, 0.01695725, 0.2833209, , 1.882248, , , , , , , , , , 2, 1
209, 0.0179228, 0.2791329, , 2.161381, , , , , , , , , , 2, 1
210, 0.01887278, 0.2706158, , 2.431996, , , , , , , , , , 2, 1
211, 0.01976047, 0.2577852, , 2.689781, , , , , , , , , , 2, 1
212, 0.02057029, 0.240892, , 2.930674, , , , , , , , , , 2, 1
213, 0.02131781, 0.2201874, , 3.150861, , , , , , , , , , 2, 1
214, 0.02195632, 0.1961104, , 3.346971, , , , , , , , , , 2, 1
215, 0.02250139, 0.1688807, , 3.515852, , , , , , , , , , 2, 1
216, 0.02296859, 0.1390158, , 3.654868, , , , , , , , , , 2, 1
217, 0.02332678, 0.1069863, , 3.761854, , , , , , , , , , 2, 1
218, 0.02354481, 0.07324716, , 3.835101, , , , , , , , , , 2, 1
219, 0.02365382, 0.03837866, , 3.87348, , , , , , , , , , 2, 1
220, 0.02363825, 0.002804314, , 3.876284, , , , , , , , , , 2, 1
221, 0.02348252, -0.03277003, , 3.843514, , , , , , , , , , 2, 1
222, 0.02323334, -0.06787381, , 3.77564, , , , , , , , , , 2, 1
223, 0.02287515, -0.1019267, , 3.673714, , , , , , , , , , 2, 1
224, 0.0223768, -0.1343012, , 3.539412, , , , , , , , , , 2, 1
225, 0.02181616, -0.164621, , 3.374791, , , , , , , , , , 2, 1
226, 0.0211465, -0.1923683, , 3.182423, , , , , , , , , , 2, 1
227, 0.02036783, -0.2170884, , 2.965335, , , , , , , , , , 2, 1
228, 0.01954244, -0.2384675, , 2.726867, , , , , , , , , , 2, 1
229, 0.0186859, -0.2560665, , 2.470801, , , , , , , , , , 2, 1
230, 0.01775149, -0.2697284, , 2.201072, , , , , , , , , , 2, 1
231, 0.01681709, -0.2789984, , 1.922074, , , , , , , , , , 2, 1
232, 0.01586711, -0.2840648, , 1.638009, , , , , , , , , , 2, 1
233, 0.01491713, -0.2846138, , 1.353395, , , , , , , , , , 2, 1
234, 0.0139983, -0.2806768, , 1.072719, , , , , , , , , , 2, 1
235, 0.0130016, -0.2723478, , 0.8003708, , , , , , , , , , 2, 1
236, 0.01214506, -0.259831, , 0.5405398, , , , , , , , , , 2, 1
237, 0.01136638, -0.2432045, , 0.2973353, , , , , , , , , , 2, 1
238, 0.01068115, -0.2227038, , 0.07463153, , , , , , , , , , 2, 1
239, 0.01005822, -0.198815, , -0.1241835, , , , , , , , , , 2, 1
240, 0.009544292, -0.1717107, , -0.2958942, , , , , , , , , , 2, 1
241, 0.009154956, -0.1420655, , -0.4379597, , , , , , , , , , 2, 1
242, 0.008874634, -0.1100831, , -0.5480427, , , , , , , , , , 2, 1
243, 0.008734473, -0.07640664, , -0.6244494, , , , , , , , , , 2, 1
244, 0.00867218, -0.04150676, , -0.6659561, , , , , , , , , , 2, 1
245, 0.008734473, -0.006042216, , -0.6719983, , , , , , , , , , 2, 1
246, 0.008905781, 0.02959487, , -0.6424035, , , , , , , , , , 2, 1
247, 0.009217249, 0.06466728, , -0.5777362, , , , , , , , , , 2, 1
248, 0.009653307, 0.09878288, , -0.4789533, , , , , , , , , , 2, 1
249, 0.0101828, 0.1313143, , -0.347639, , , , , , , , , , 2, 1
250, 0.01080574, 0.1616968, , -0.1859422, , , , , , , , , , 2, 1
251, 0.01152212, 0.1889736, , 0.003031324, 0.019953, -0.003615691, -0.003835496, 0.1333337, -0.1494395, 0.00227078, -0.02622106, 0.02631921, -85.05046, 2, 1
252, 0.01230079, 0.2096312, , 0.2126625, , , , , , , , , , 2, 1
253, 0.01318848, 0.2277164, , 0.4403788, , , , , , , , , , 2, 1
254, 0.0141696, 0.2433703, , 0.6837491, , , , , , , , , , 2, 1
255, 0.01510401, 0.2567343, , 0.9404834, , , , , , , , , , 2, 1
256, 0.01605399, 0.2674316, , 1.207915, , , , , , , , , , 2, 1
257, 0.01703512, 0.2756351, , 1.48355, , , , , , , , , , 2, 1
258, 0.01801624, 0.2809524, , 1.764503, , , , , , , , , , 2, 1
259, 0.01899737, 0.2835405, , 2.048043, , , , , , , , , , 2, 1
260, 0.01997849, 0.2833679, , 2.331411, , , , , , , , , , 2, 1
261, 0.02094405, 0.2802309, , 2.611642, , , , , , , , , , 2, 1
262, 0.02187845, 0.2744744, , 2.886116, , , , , , , , , , 2, 1
263, 0.02279729, 0.2658631, , 3.151979, , , , , , , , , , 2, 1
264, 0.0236694, 0.2546324, , 3.406612, , , , , , , , , , 2, 1
265, 0.02451036, 0.2410018, , 3.647614, , , , , , , , , , 2, 1
266, 0.02525789, 0.2247989, , 3.872412, , , , , , , , , , 2, 1
267, 0.02595869, 0.2064941, , 4.078907, , , , , , , , , , 2, 1
268, 0.02656606, 0.1860875, , 4.264994, , , , , , , , , , 2, 1
269, 0.02711113, 0.1638143, , 4.428808, , , , , , , , , , 2, 1
270, 0.02756276, 0.1399255, , 4.568734, , , , , , , , , , 2, 1
271, 0.02792095, 0.1147035, , 4.683437, , , , , , , , , , 2, 1
272, 0.02820127, 0.08832076, , 4.771758, , , , , , , , , , 2, 1
273, 0.02838815, 0.06099691, , 4.832755, , , , , , , , , , 2, 1
274, 0.02849717, 0.0330927, , 4.865848, , , , , , , , , , 2, 1
275, 0.02849717, 0.004827723, , 4.870676, , , , , , , , , , 2, 1
276, 0.02840372, -0.02342157, , 4.847254, , , , , , , , , , 2, 1
277, 0.02821684, -0.05154538, , 4.795709, , , , , , , , , , 2, 1
278, 0.02792095, -0.07916725, , 4.716541, , , , , , , , , , 2, 1
279, 0.02756276, -0.1058794, , 4.610662, , , , , , , , , , 2, 1
280, 0.02709555, -0.1316974, , 4.478964, , , , , , , , , , 2, 1
281, 0.02655048, -0.1560725, , 4.322892, , , , , , , , , , 2, 1
282, 0.02592755, -0.1789574, , 4.143935, , , , , , , , , , 2, 1
283, 0.02522674, -0.2001483, , 3.943786, , , , , , , , , , 2, 1
284, 0.02447922, -0.219253, , 3.724533, , , , , , , , , , 2, 1
285, 0.02368497, -0.2362873, , 3.488246, , , , , , , , , , 2, 1
286, 0.02282843, -0.2509687, , 3.237277, , , , , , , , , , 2, 1
287, 0.02192517, -0.2630935, , 2.974184, , , , , , , , , , 2, 1
288, 0.02102192, -0.27274, , 2.701444, , , , , , , , , , 2, 1
289, 0.02008751, -0.2795317, , 2.421912, , , , , , , , , , 2, 1
290, 0.01913753, -0.2837197, , 2.138192, , , , , , , , , , 2, 1
291, 0.01820312, -0.2849902, , 1.853202, , , , , , , , , , 2, 1
292, 0.01728429, -0.2834217, , 1.56978, , , , , , , , , , 2, 1
293, 0.01636546, -0.2791866, , 1.290594, , , , , , , , , , 2, 1
294, 0.01549334, -0.2721439, , 1.01845, , , , , , , , , , 2, 1
295, 0.01465238, -0.2624033, , 0.7560465, , , , , , , , , , 2, 1
296, 0.01382699, -0.2499492, , 0.5060973, , , , , , , , , , 2, 1
297, 0.01297045, -0.2351893, , 0.270908, , , , , , , , , , 2, 1
298, 0.01226964, -0.2180609, , 0.05284712, , , , , , , , , , 2, 1
299, 0.01166228, -0.1986895, , -0.1458424, , , , , , , , , , 2, 1
300, 0.01111721, -0.1774045, , -0.3232469, , , , , , , , , , 2, 1
301, 0.01066558, -0.1544255, , -0.4776724, , , , , , , , , , 2, 1
302, 0.01029182, -0.1298623, , -0.6075346, , , , , , , , , , 2, 1
303, 0.01004264, -0.1040913, , -0.7116259, , , , , , , , , , 2, 1
304, 0.009871335, -0.07722227, , -0.7888482, , , , , , , , , , 2, 1
305, 0.009777893, -0.04956902, , -0.8384172, , , , , , , , , , 2, 1
306, 0.00980904, -0.0214609, , -0.8598781, , , , , , , , , , 2, 1
307, 0.009918055, 0.00678839, , -0.8530897, , , , , , , , , , 2, 1
308, 0.01012051, 0.03510042, , -0.8179893, , , , , , , , , , 2, 1
309, 0.0104164, 0.06295758, , -0.7550317, , , , , , , , , , 2, 1
310, 0.01080574, 0.09015595, , -0.6648757, , , , , , , , , , 2, 1
311, 0.01125737, 0.1165544, , -0.5483214, , , , , , , , , , 2, 1
312, 0.01181801, 0.1416666, , -0.4066548, , , , , , , , , , 2, 1
313, 0.01244095, 0.1654299, , -0.2412249, , , , , , , , , , 2, 1
314, 0.0131729, 0.1872952, , -0.05392967, 0.015849, -0.004609883, -0.00474435, 0.1342854, -0.1485971, 0.002142819, -0.03295914, 0.03302873, -86.28018, 2, 1
315, 0.01402944, 0.2043766, , 0.1504469, , , , , , , , , , 2, 1
316, 0.01482369, 0.219309, , 0.3697559, , , , , , , , , , 2, 1
317, 0.01566465, 0.2328925, , 0.6026484, , , , , , , , , , 2, 1
318, 0.01655234, 0.2450016, , 0.84765, , , , , , , , , , 2, 1
319, 0.0174556, 0.2555265, , 1.103176, , , , , , , , , , 2, 1
320, 0.01840558, 0.2645299, , 1.367706, , , , , , , , , , 2, 1
321, 0.01937113, 0.2718549, , 1.639561, , , , , , , , , , 2, 1
322, 0.02035226, 0.2774389, , 1.917, , , , , , , , , , 2, 1
323, 0.02133338, 0.2813445, , 2.198345, , , , , , , , , , 2, 1
324, 0.02231451, 0.2833836, , 2.481728, , , , , , , , , , 2, 1
325, 0.02329564, 0.2836973, , 2.765426, , , , , , , , , , 2, 1
326, 0.02429234, 0.2822857, , 3.047711, , , , , , , , , , 2, 1
327, 0.02524232, 0.2790231, , 3.326734, , , , , , , , , , 2, 1
328, 0.02617672, 0.2740665, , 3.600801, , , , , , , , , , 2, 1
329, 0.02706441, 0.2673532, , 3.868154, , , , , , , , , , 2, 1
330, 0.02795209, 0.2589145, , 4.127069, , , , , , , , , , 2, 1
331, 0.02879306, 0.2490014, , 4.37607, , , , , , , , , , 2, 1
332, 0.02961845, 0.2374099, , 4.61348, , , , , , , , , , 2, 1
333, 0.03038155, 0.2244381, , 4.837918, , , , , , , , , , 2, 1
334, 0.03108236, 0.2099292, , 5.047847, , , , , , , , , , 2, 1
335, 0.03173643, 0.1941811, , 5.242028, , , , , , , , , , 2, 1
336, 0.03232823, 0.1772566, , 5.419285, , , , , , , , , , 2, 1
337, 0.03285772, 0.1591558, , 5.578441, , , , , , , , , , 2, 1
338, 0.03330936, 0.1400667, , 5.718507, , , , , , , , , , 2, 1
339, 0.03371426, 0.1200993, , 5.838607, , , , , , , , , , 2, 1
340, 0.03402573, 0.0994103, , 5.938017, , , , , , , , , , 2, 1
341, 0.03427491, 0.07807824, , 6.016095, , , , , , , , , , 2, 1
342, 0.03444621, 0.05622857, , 6.072324, , , , , , , , , , 2, 1
343, 0.03455523, 0.0340495, , 6.106373, , , , , , , , , , 2, 1
344, 0.03460195, 0.01160379, , 6.117977, , , , , , , , , , 2, 1
345, 0.03453965, -0.01093604, , 6.107041, , , , , , , , , , 2, 1
346, 0.03441507, -0.0333347, , 6.073706, , , , , , , , , , 2, 1
347, 0.03421261, -0.05562356, , 6.018083, , , , , , , , , , 2, 1
348, 0.03394786, -0.07742618, , 5.940657, , , , , , , , , , 2, 1
349, 0.03360525, -0.09889941, , 5.841757, , , , , , , , , , 2, 1
350, 0.03318477, -0.1196041, , 5.722153, , , , , , , , , , 2, 1
351, 0.03271756, -0.1397127, , 5.58244, , , , , , , , , , 2, 1
352, 0.03215692, -0.1588644, , 5.423576, , , , , , , , , , 2, 1
353, 0.03153398, -0.1770281, , 5.246548, , , , , , , , , , 2, 1
354, 0.0308799, -0.1941251, , 5.052423, , , , , , , , , , 2, 1
355, 0.0301791, -0.2099516, , 4.842471, , , , , , , , , , 2, 1
356, 0.029416, -0.2245076, , 4.617964, , , , , , , , , , 2, 1
357, 0.02860618, -0.2376833, , 4.38028, , , , , , , , , , 2, 1
358, 0.02776521, -0.2493845, , 4.130896, , , , , , , , , , 2, 1
359, 0.02690867, -0.2595016, , 3.871394, , , , , , , , , , 2, 1
360, 0.02600541, -0.2679873, , 3.603407, , , , , , , , , , 2, 1
361, 0.02508658, -0.2748261, , 3.328581, , , , , , , , , , 2, 1
362, 0.02415218, -0.2799082, , 3.048673, , , , , , , , , , 2, 1
363, 0.0232022, -0.2832962, , 2.765377, , , , , , , , , , 2, 1
364, 0.02226779, -0.2848334, , 2.480543, , , , , , , , , , 2, 1
365, 0.02133338, -0.2847236, , 2.19582, , , , , , , , , , 2, 1
366, 0.02041455, -0.2827315, , 1.913088, , , , , , , , , , 2, 1
367, 0.01949572, -0.2790141, , 1.634074, , , , , , , , , , 2, 1
368, 0.01862361, -0.273634, , 1.36044, , , , , , , , , , 2, 1
369, 0.01775149, -0.2664345, , 1.094005, , , , , , , , , , 2, 1
370, 0.01695725, -0.2575723, , 0.8364332, , , , , , , , , , 2, 1
371, 0.01617857, -0.2471572, , 0.589276, , , , , , , , , , 2, 1
372, 0.01541548, -0.2351893, , 0.3540867, , , , , , , , , , 2, 1
373, 0.01473025, -0.2216842, , 0.1324025, , , , , , , , , , 2, 1
374, 0.01406059, -0.2068459, , -0.07444341, , , , , , , , , , 2, 1
375, 0.0134065, -0.1907841, , -0.2652275, , , , , , , , , , 2, 1
376, 0.01279914, -0.1734675, , -0.438695, , , , , , , , , , 2, 1
377, 0.01233194, -0.1550215, , -0.5937166, , , , , , , , , , 2, 1
378, 0.01195817, -0.1357129, , -0.7294295, , , , , , , , , , 2, 1
379, 0.01163113, -0.1155259, , -0.8449553, , , , , , , , , , 2, 1
380, 0.01139753, -0.09461731, , -0.9395726, , , , , , , , , , 2, 1
381, 0.01121065, -0.07315978, , -1.012732, , , , , , , , , , 2, 1
382, 0.01113278, -0.0510905, , -1.063823, , , , , , , , , , 2, 1
383, 0.01111721, -0.02888007, , -1.092703, , , , , , , , , , 2, 1
384, 0.01116393, -0.006371608, , -1.099075, , , , , , , , , , 2, 1
385, 0.01128852, 0.01610548, , -1.082969, , , , , , , , , , 2, 1
386, 0.01150655, 0.0385512, , -1.044418, , , , , , , , , , 2, 1
387, 0.01178687, 0.06062046, , -0.9837975, , , , , , , , , , 2, 1
388, 0.01214506, 0.08242308, , -0.9013744, , , , , , , , , , 2, 1
389, 0.01258111, 0.1036297, , -0.7977448, , , , , , , , , , 2, 1
390, 0.01309504, 0.1241931, , -0.6735516, , , , , , , , , , 2, 1
391, 0.01376469, 0.143988, , -0.5295635, , , , , , , , , , 2, 1
392, 0.01438763, 0.1628889, , -0.3666747, , , , , , , , , , 2, 1
393, 0.01505729, 0.1807388, , -0.185936, , , , , , , , , , 2, 1
394, 0.01577367, 0.1962672, , 0.01033129, 0.012589, -0.005842067, -0.005890055, 0.1350836, -0.1479192, 0.002045591, -0.04136307, 0.04141362, -87.16877, 2, 1
395, 0.01655234, 0.2087685, , 0.2190998, , , , , , , , , , 2, 1
396, 0.01734658, 0.2204227, , 0.4395224, , , , , , , , , , 2, 1
397, 0.01817198, 0.2312142, , 0.6707366, , , , , , , , , , 2, 1
398, 0.01902851, 0.2411116, , 0.9118482, , , , , , , , , , 2, 1
399, 0.0199162, 0.250068, , 1.161916, , , , , , , , , , 2, 1
400, 0.02083503, 0.2580518, , 1.419968, , , , , , , , , , 2, 1
401, 0.02176944, 0.2649377, , 1.684906, , , , , , , , , , 2, 1
402, 0.02273499, 0.2708354, , 1.955741, , , , , , , , , , 2, 1
403, 0.02370054, 0.275588, , 2.231329, , , , , , , , , , 2, 1
404, 0.0246661, 0.2793368, , 2.510666, , , , , , , , , , 2, 1
405, 0.02564722, 0.2819563, , 2.792622, , , , , , , , , , 2, 1
406, 0.02662835, 0.2834777, , 3.0761, , , , , , , , , , 2, 1
407, 0.02760948, 0.2838071, , 3.359907, , , , , , , , , , 2, 1
408, 0.02857503, 0.2831641, , 3.643071, , , , , , , , , , 2, 1
409, 0.02954058, 0.2812504, , 3.924321, , , , , , , , , , 2, 1
410, 0.03052171, 0.2782232, , 4.202545, , , , , , , , , , 2, 1
411, 0.03144054, 0.2742077, , 4.476752, , , , , , , , , , 2, 1
412, 0.03237495, 0.2689845, , 4.745737, , , , , , , , , , 2, 1
413, 0.03327821, 0.2627417, , 5.008479, , , , , , , , , , 2, 1
414, 0.03415032, 0.2555108, , 5.263989, , , , , , , , , , 2, 1
415, 0.03497571, 0.2471348, , 5.511124, , , , , , , , , , 2, 1
416, 0.03576996, 0.2379589, , 5.749083, , , , , , , , , , 2, 1
417, 0.03653306, 0.227732, , 5.976815, , , , , , , , , , 2, 1
418, 0.03728058, 0.2166582, , 6.193473, , , , , , , , , , 2, 1
419, 0.03799696, 0.2047373, , 6.398211, , , , , , , , , , 2, 1
420, 0.03863547, 0.1919224, , 6.590133, , , , , , , , , , 2, 1
421, 0.03921169, 0.1784644, , 6.768598, , , , , , , , , , 2, 1
422, 0.03974118, 0.1642064, , 6.932804, , , , , , , , , , 2, 1
423, 0.04023953, 0.1493524, , 7.082156, , , , , , , , , , 2, 1
424, 0.04070674, 0.1338239, , 7.21598, , , , , , , , , , 2, 1
425, 0.0410805, 0.1179033, , 7.333883, , , , , , , , , , 2, 1
426, 0.04140754, 0.101371, , 7.435255, , , , , , , , , , 2, 1
427, 0.04168786, 0.0845406, , 7.519795, , , , , , , , , , 2, 1
428, 0.04190589, 0.06734947, , 7.587144, , , , , , , , , , 2, 1
429, 0.04206162, 0.04987601, , 7.637021, , , , , , , , , , 2, 1
430, 0.04218621, 0.03221432, , 7.669235, , , , , , , , , , 2, 1
431, 0.04223293, 0.01436441, , 7.683599, , , , , , , , , , 2, 1
432, 0.04221736, -0.003548247, , 7.680051, , , , , , , , , , 2, 1
433, 0.04212392, -0.02133542, , 7.658716, , , , , , , , , , 2, 1
434, 0.04198376, -0.03913828, , 7.619577, , , , , , , , , , 2, 1
435, 0.04179687, -0.05678428, , 7.562793, , , , , , , , , , 2, 1
436, 0.0415477, -0.074195, , 7.488598, , , , , , , , , , 2, 1
437, 0.04123623, -0.09135476, , 7.397243, , , , , , , , , , 2, 1
438, 0.04086247, -0.108044, , 7.289199, , , , , , , , , , 2, 1
439, 0.04044199, -0.1243881, , 7.164811, , , , , , , , , , 2, 1
440, 0.03995921, -0.1401675, , 7.024644, , , , , , , , , , 2, 1
441, 0.03942971, -0.1554764, , 6.869167, , , , , , , , , , 2, 1
442, 0.03883792, -0.170205, , 6.698962, , , , , , , , , , 2, 1
443, 0.03821499, -0.1841492, , 6.514813, , , , , , , , , , 2, 1
444, 0.03754533, -0.1974347, , 6.317379, , , , , , , , , , 2, 1
445, 0.03682895, -0.2099516, , 6.107427, , , , , , , , , , 2, 1
446, 0.03608142, -0.2216215, , 5.885806, , , , , , , , , , 2, 1
447, 0.03530275, -0.2324287, , 5.653377, , , , , , , , , , 2, 1
448, 0.03446179, -0.2423104, , 5.411066, , , , , , , , , , 2, 1
449, 0.03362082, -0.2512667, , 5.1598, , , , , , , , , , 2, 1
450, 0.03274871, -0.2592192, , 4.90058, , , , , , , , , , 2, 1
451, 0.03186103, -0.2661992, , 4.634381, , , , , , , , , , 2, 1
452, 0.03097334, -0.2720498, , 4.362331, , , , , , , , , , 2, 1
453, 0.03005451, -0.2768182, , 4.085513, , , , , , , , , , 2, 1
454, 0.0291201, -0.2805513, , 3.804962, , , , , , , , , , 2, 1
455, 0.0281857, -0.2832021, , 3.52176, , , , , , , , , , 2, 1
456, 0.02723571, -0.2845981, , 3.237162, , , , , , , , , , 2, 1
457, 0.02631688, -0.2850687, , 2.952093, , , , , , , , , , 2, 1
458, 0.02538248, -0.2842687, , 2.667824, , , , , , , , , , 2, 1
459, 0.02446364, -0.2824492, , 2.385375, , , , , , , , , , 2, 1
460, 0.02354481, -0.2794376, , 2.105937, , , , , , , , , , 2, 1
461, 0.02264155, -0.2753594, , 1.830578, , , , , , , , , , 2, 1
462, 0.02178501, -0.270199, , 1.560379, , , , , , , , , , 2, 1
463, 0.0209129, -0.2640032, , 1.296376, , , , , , , , , , 2, 1
464, 0.02008751, -0.256788, , 1.039588, , , , , , , , , , 2, 1
465, 0.01930884, -0.2484277, , 0.7911601, , , , , , , , , , 2, 1
466, 0.01856131, -0.2391734, , 0.5519868, , , , , , , , , , 2, 1
467, 0.01784493, -0.2289465, , 0.3230402, , , , , , , , , , 2, 1
468, 0.01714413, -0.217857, , 0.1051832, , , , , , , , , , 2, 1
469, 0.01650562, -0.2059361, , -0.1007529, , , , , , , , , , 2, 1
470, 0.01589825, -0.1931683, , -0.2939212, , , , , , , , , , 2, 1
471, 0.01535318, -0.1796161, , -0.4735374, , , , , , , , , , 2, 1
472, 0.01483926, -0.1653895, , -0.6389269, , , , , , , , , , 2, 1
473, 0.0144032, -0.1505669, , -0.7894938, , , , , , , , , , 2, 1
474, 0.01402944, -0.1350698, , -0.9245636, , , , , , , , , , 2, 1
475, 0.01368683, -0.1190551, , -1.043619, , , , , , , , , , 2, 1
476, 0.01334421, -0.1025541, , -1.146173, , , , , , , , , , 2, 1
477, 0.01307946, -0.08572372, , -1.231897, , , , , , , , , , 2, 1
478, 0.01289258, -0.06853259, , -1.300429, , , , , , , , , , 2, 1
479, 0.01279914, -0.05099639, , -1.351425, , , , , , , , , , 2, 1
480, 0.01275242, -0.03330333, , -1.384729, , , , , , , , , , 2, 1
481, 0.01278357, -0.01550047, , -1.400229, , , , , , , , , , 2, 1
482, 0.01290815, 0.002349439, , -1.39788, , , , , , , , , , 2, 1
483, 0.01303274, 0.02019935, , -1.37768, , , , , , , , , , 2, 1
484, 0.01326634, 0.03798652, , -1.339694, , , , , , , , , , 2, 1
485, 0.01359339, 0.05558547, , -1.284109, , , , , , , , , , 2, 1
486, 0.013936, 0.07302757, , -1.211081, , , , , , , , , , 2, 1
487, 0.01429419, 0.09006184, , -1.121019, , , , , , , , , , 2, 1
488, 0.01471467, 0.1068765, , -1.014143, , , , , , , , , , 2, 1
489, 0.01519745, 0.1231893, , -0.8909533, , , , , , , , , , 2, 1
490, 0.01574252, 0.1389844, , -0.7519689, , , , , , , , , , 2, 1
491, 0.01633431, 0.1542776, , -0.5976913, , , , , , , , , , 2, 1
492, 0.01698839, 0.1689591, , -0.4287322, , , , , , , , , , 2, 1
493, 0.01764248, 0.1829661, , -0.2457661, , , , , , , , , , 2, 1
494, 0.0176892, 0.03164965, , -0.2141164, 0.01, -0.007406364, -0.007323426, 0.1356715, -0.1473256, 0.001847239, -0.05197318, 0.05200599, -87.96444, 2, 1
