Experiment:, 0%-SOC_NewMultiplexer_LastAttempt
Start date:, Tuesday, June 18, 2024
Start time:, 9:20:44 PM +02:00
Time (s), Voltage (V), Current (A), Reverse I (A), Charge (C), Frequency (Hz), V' (V), V'' (V), A' (A), A'' (A), Z' (Ohm), Z'' (Ohm), | Z | (Ohm), Phase (Deg), V Range (), I Range ()
1, 0.1476495, -0.0109831, , -0.0109831, 100000, 0.001298604, -0.001623618, -0.04879564, -0.1342517, 0.007577101, 0.01242691, 0.01455474, 58.62795, 2, 1
1, 0.1476495, -0.0109831, , -0.0109831, 79432.82, -0.0002466019, -0.001570215, -0.1125189, -0.06189504, 0.007575771, 0.009787792, 0.01237712, 52.26006, 2, 1
1, 0.1476495, -0.0109831, , -0.0109831, 63095.73, -6.603819e-05, 0.00127642, 0.07989394, 0.08717565, 0.007580596, 0.007704925, 0.01080885, 45.46602, 2, 1
1, 0.1476495, -0.0109831, , -0.0109831, 50118.72, 0.001066251, 0.0001952296, 0.09820786, -0.05262049, 0.007607818, 0.006064246, 0.009729027, 38.5586, 2, 1
2, 0.1502191, -0.0003484386, , -0.01133153, 39810.71, 0.0003076541, -0.0009138905, -0.02485898, -0.1041208, 0.00763646, 0.004777994, 0.009008038, 32.03347, 2, 1
2, 0.1502191, -0.0003484386, , -0.01133153, 31622.77, -0.0001103089, 0.0008896778, 0.03421853, 0.09876711, 0.007697003, 0.003783537, 0.008576655, 26.17687, 2, 1
2, 0.1502191, -0.0003484386, , -0.01133153, 25118.86, -0.0002077101, 0.0008282749, 0.01301115, 0.1020292, 0.007732653, 0.003021887, 0.008302151, 21.34534, 2, 1
2, 0.1502191, -0.0003484386, , -0.01133153, 19952.62, 0.0006602549, 0.0004952676, 0.09599553, 0.03378161, 0.007735596, 0.002437058, 0.008110406, 17.48676, 2, 1
3, 0.1500167, -0.03195439, , -0.04328593, 15848.93, -0.0004535735, -0.0006669108, -0.07590679, -0.06676959, 0.007725883, 0.001990029, 0.007978063, 14.44424, 2, 1
3, 0.1500167, -0.03195439, , -0.04328593, 12589.25, 0.0007639243, 0.0002131758, 0.1004319, 0.006257668, 0.007708715, 0.001642279, 0.007881711, 12.0266, 2, 1
3, 0.1500167, -0.03195439, , -0.04328593, 9999.997, 0.0007531082, -0.0002057064, 0.09063922, -0.04293664, 0.007664112, 0.001361054, 0.007784027, 10.07005, 2, 1
3, 0.1500167, -0.03195439, , -0.04328593, 7943.28, 0.0005601909, -0.0005296009, 0.06190009, -0.07866856, 0.007618367, 0.001126412, 0.00770119, 8.410522, 2, 1
4, 0.1502347, 0.001502431, , -0.0417835, 6309.571, -0.0005541101, 0.000522496, -0.06384394, 0.07690871, 0.007562914, 0.0009266027, 0.007619466, 6.985025, 2, 1
4, 0.1502347, 0.001502431, , -0.0417835, 5011.871, 0.0007348949, -0.0001647917, 0.09475462, -0.03142713, 0.007506808, 0.0007506303, 0.007544244, 5.710212, 2, 1
4, 0.1502347, 0.001502431, , -0.0417835, 3981.07, 1.633179e-05, 0.0007476997, 0.01004156, 0.09926709, 0.007472381, 0.0005913601, 0.007495744, 4.524926, 2, 1
4, 0.1502347, 0.001502431, , -0.0417835, 3162.276, -0.0005769466, -0.0004698366, -0.08095553, -0.05825298, 0.007446955, 0.0004450513, 0.007460242, 3.420092, 2, 1
5, 0.1502814, 0.003274874, , -0.03850862, 2511.885, -4.047863e-05, -0.000740673, -0.009748654, -0.09920992, 0.007434028, 0.0003224792, 0.007441019, 2.483865, 2, 1
5, 0.1502814, 0.003274874, , -0.03850862, 1995.261, 2.700556e-05, 0.0007414487, 0.006611604, 0.09946022, 0.007439899, 0.000223045, 0.007443241, 1.717189, 2, 1
5, 0.1502814, 0.003274874, , -0.03850862, 1584.892, 0.0003255626, 0.00066814, 0.04523895, 0.08881593, 0.007455544, 0.00013194, 0.007456711, 1.013852, 2, 1
5, 0.1502814, 0.003274874, , -0.03850862, 1258.925, -0.0006854068, 0.0002838965, -0.09180317, 0.03873363, 0.007445407, 4.892073e-05, 0.007445568, 0.3764618, 2, 1
5, 0.1502814, 0.003274874, , -0.03850862, 999.9994, -0.0007408648, -7.234116e-05, -0.09915449, -0.009889768, 0.007470276, -1.551262e-05, 0.007470292, -0.118979, 2, 1
6, 0.150406, 0.02040326, , -0.01810536, 794.3277, 0.0005675774, 0.0004868104, 0.0749643, 0.06565398, 0.007503363, -7.757394e-05, 0.007503764, -0.5923345, 2, 1
6, 0.150406, 0.02040326, , -0.01810536, 630.9569, 7.653633e-05, -0.0007463064, 0.01193621, -0.09890711, 0.007529258, -0.0001348182, 0.007530465, -1.025824, 2, 1
6, 0.150406, 0.02040326, , -0.01810536, 501.1869, 0.0006237516, 0.0004220759, 0.08118631, 0.05774504, 0.007557435, -0.0001764885, 0.007559495, -1.337783, 2, 1
6, 0.150406, 0.02040326, , -0.01810536, 398.1069, 0.0007053205, 0.0002766951, 0.09163198, 0.03913112, 0.007600711, -0.0002262224, 0.007604077, -1.704809, 2, 1
6, 0.150406, 0.02040326, , -0.01810536, 316.2275, -0.0006767133, -0.0003459966, -0.08699181, -0.04854466, 0.007624304, -0.0002772974, 0.007629345, -2.082941, 2, 1
6, 0.150406, 0.02040326, , -0.01810536, 251.1884, 0.0002984793, -0.0007042801, 0.04272572, -0.09000543, 0.007670583, -0.0003250023, 0.007677465, -2.426169, 2, 1
7, 0.1502659, -0.0004268653, , -0.01853223, 199.5261, 0.0006538247, -0.0004059876, 0.0870636, -0.04845439, 0.007715249, -0.0003692697, 0.007724081, -2.740218, 2, 1
7, 0.1502659, -0.0004268653, , -0.01853223, 158.4892, -0.0002130778, -0.0007441239, -0.02223078, -0.0971012, 0.007759082, -0.00041799, 0.007770332, -3.083604, 2, 1
7, 0.1502659, -0.0004268653, , -0.01853223, 125.8924, -0.0006221136, 0.000475047, -0.08276553, 0.05545468, 0.007841851, -0.0004854648, 0.007856863, -3.542484, 2, 1
7, 0.1502659, -0.0004268653, , -0.01853223, 99.99991, -0.0007829483, 8.003255e-05, -0.09959152, 0.003197344, 0.007879275, -0.0005506473, 0.007898493, -3.997646, 2, 1
7, 0.1502659, -0.0004268653, , -0.01853223, 79.43275, -0.0007024092, 0.0003687014, -0.09150767, 0.03934949, 0.00794031, -0.0006147496, 0.007964072, -4.427086, 2, 1
7, 0.1502659, -0.0004268653, , -0.01853223, 63.09567, -0.000272014, 0.0007548896, -0.04152778, 0.09054635, 0.008026509, -0.0006771014, 0.008055017, -4.82195, 2, 1
8, 0.1502659, -0.001571895, , -0.02010412, 50.11867, -0.0005283374, 0.0006153848, -0.07176652, 0.06911318, 0.00810392, -0.0007705148, 0.008140468, -5.431314, 2, 1
8, 0.1502659, -0.001571895, , -0.02010412, 39.81068, 0.0005095247, -0.0006427908, 0.06960893, -0.07126183, 0.00818992, -0.0008499204, 0.008233903, -5.924742, 2, 1
8, 0.1502659, -0.001571895, , -0.02010412, 31.62274, 0.0002665179, -0.000789626, 0.04214896, -0.09027147, 0.008313373, -0.0009292204, 0.008365143, -6.377717, 2, 1
8, 0.1502659, -0.001571895, , -0.02010412, 25.11884, -0.000837695, 0.0001252853, -0.09960913, 0.002332211, 0.008434647, -0.001060284, 0.008501027, -7.164827, 2, 1
8, 0.1502659, -0.001571895, , -0.02010412, 19.9526, -8.203142e-05, -0.0008580122, 0.003780635, -0.09953223, 0.008576766, -0.00114995, 0.008653513, -7.63652, 2, 1
8, 0.1502659, -0.001571895, , -0.02010412, 15.84891, -0.0001740227, -0.0008613105, -0.005570612, -0.09945757, 0.008730693, -0.001260713, 0.008821247, -8.216719, 2, 1
9, 0.150297, 0.001173039, , -0.01893108, 12.58924, -0.0008340045, -0.0003244348, -0.08596005, -0.05036881, 0.008868745, -0.001422444, 0.008982092, -9.111977, 2, 1
9, 0.150297, 0.001173039, , -0.01893108, 9.999988, 0.0003065995, 0.0008617458, 0.01740164, 0.09808802, 0.009054976, -0.001519329, 0.009181555, -9.524901, 2, 1
9, 0.150297, 0.001173039, , -0.01893108, 7.943272, -0.0003443649, -0.0008756579, -0.01904961, -0.09780227, 0.009286841, -0.001712171, 0.009443355, -10.44605, 2, 1
9, 0.150297, 0.001173039, , -0.01893108, 6.309565, 0.0007271851, 0.0006241974, 0.06171392, 0.07823617, 0.009437756, -0.001850094, 0.009617384, -11.09111, 2, 1
9, 0.150297, 0.001173039, , -0.01893108, 5.011866, -0.0008905285, 0.0004032742, -0.09732778, 0.02129439, 0.009596939, -0.002043745, 0.009812142, -12.02201, 2, 1
10, 0.1502503, -0.008975374, , -0.02790646, 3.981066, -0.0004231317, -0.000913672, -0.02050854, -0.0975135, 0.009846753, -0.002268293, 0.01010464, -12.97232, 2, 1
10, 0.1502503, -0.008975374, , -0.02790646, 3.162273, 0.0006997469, -0.0007530073, 0.08384899, -0.05384172, 0.009991988, -0.002564389, 0.01031581, -14.39399, 2, 1
11, 0.1501413, -0.01090467, , -0.03881112, 2.511883, 0.00103257, 0.0002228938, 0.08805607, 0.04661484, 0.01020612, -0.002871611, 0.01060241, -15.71457, 2, 1
11, 0.1501413, -0.01090467, , -0.03881112, 1.995259, 0.000599206, 0.0009127338, 0.026609, 0.09603176, 0.01043245, -0.003348984, 0.01095682, -17.79746, 2, 1
12, 0.1503904, 0.0246383, , -0.01417283, 1.584891, 2.259896e-05, 0.00112479, -0.03282112, 0.09408936, 0.01058295, -0.003931829, 0.01128974, -20.38128, 2, 1
13, 0.1502191, 0.005941382, , -0.008231444, 1.258924, -0.0004676499, 0.001070777, -0.07276923, 0.06805652, 0.01076895, -0.004643171, 0.01172729, -23.32392, 2, 1
14, 0.1498454, -0.01233204, , -0.02056348, 0.999998, -0.000868639, 0.0008638895, -0.09477607, 0.03078932, 0.01096872, -0.005551718, 0.01229368, -26.84583, 2, 1
15, 0.1497364, -0.04323215, , -0.06379563, 0.794327, -0.001111, 0.0006639989, -0.09965295, 0.0002324205, 0.01116417, -0.006637076, 0.01298805, -30.7314, 2, 1
16, 0.151138, 0.05221312, , -0.0115825, , , , , , , , , , 2, 1
17, 0.149238, -0.02823697, , -0.03981947, 0.630956, -0.001300429, 0.0004879992, -0.09653763, -0.02465027, 0.0114344, -0.007974717, 0.01394065, -34.89315, 2, 1
18, 0.1515117, 0.02708521, , -0.01273426, , , , , , , , , , 2, 1
19, 0.148911, -0.0460712, , -0.05880546, 0.501186, -0.001475441, 0.0003387277, -0.0889855, -0.04485856, 0.01169081, -0.009700012, 0.01519096, -39.68293, 2, 1
20, 0.152306, 0.09404591, , 0.03524046, , , , , , , , , , 2, 1
21, 0.1494872, -0.1073695, , -0.07212903, 0.398106, -0.001654528, 0.0002412538, -0.08007921, -0.0593115, 0.01190109, -0.01182736, 0.01677863, -44.82196, 2, 1
22, 0.1499388, 0.05194647, , -0.02018256, , , , , , , , , , 2, 1
23, 0.1530847, 0.0764156, , 0.05623304, , , , , , , , , , 2, 1
24, 0.14997, -0.115071, , -0.05883795, 0.316227, -0.001869537, 0.0002202878, -0.07248422, -0.06836118, 0.01213359, -0.01448253, 0.01889359, -50.04341, 2, 1
25, 0.1489577, -0.006261811, , -0.06509976, , , , , , , , , , 2, 1
26, 0.1527576, 0.1267028, , 0.06160302, , , , , , , , , , 2, 1
27, 0.1535674, 0.003306245, , 0.06490926, , , , , , , , , , 2, 1
28, 0.1497675, -0.1277447, , -0.06283547, 0.251188, -0.002144439, 0.0002549595, -0.06581694, -0.07482353, 0.01229186, -0.01784768, 0.02167094, -55.44446, 2, 1
29, 0.148693, -0.01987668, , -0.08271215, , , , , , , , , , 2, 1
30, 0.1519945, 0.1180131, , 0.03530096, , , , , , , , , , 2, 1
31, 0.1550469, 0.09266561, , 0.1279666, , , , , , , , , , 2, 1
32, 0.1536297, -0.06094089, , 0.06702568, , , , , , , , , , 2, 1
33, 0.1497052, -0.1312896, , -0.06426394, , , , , , , , , , 2, 1
34, 0.1484593, -0.03429151, , -0.09855545, 0.199526, -0.002500193, 0.0003321169, -0.05986155, -0.07966607, 0.01240744, -0.02206038, 0.02531018, -60.64526, 2, 1
35, 0.1509199, 0.09175586, , -0.006799585, , , , , , , , , , 2, 1
36, 0.1548133, 0.1332436, , 0.126444, , , , , , , , , , 2, 1
37, 0.1565731, 0.05277779, , 0.1792218, , , , , , , , , , 2, 1
38, 0.1546264, -0.07635958, , 0.1028622, , , , , , , , , , 2, 1
39, 0.1507486, -0.1361991, , -0.03333695, , , , , , , , , , 2, 1
40, 0.1484438, -0.07557531, , -0.1089123, 0.158489, -0.002965216, 0.0004672513, -0.05500267, -0.08308105, 0.01251794, -0.0274033, 0.03012706, -65.44889, 2, 1
41, 0.149238, 0.0319163, , -0.07699596, , , , , , , , , , 2, 1
42, 0.1524306, 0.1175739, , 0.04057796, , , , , , , , , , 2, 1
43, 0.1562305, 0.1331024, , 0.1736804, , , , , , , , , , 2, 1
44, 0.1583173, 0.06938856, , 0.2430689, , , , , , , , , , 2, 1
45, 0.1574919, -0.03592278, , 0.2071461, , , , , , , , , , 2, 1
46, 0.1542527, -0.1201373, , 0.0870088, , , , , , , , , , 2, 1
47, 0.150515, -0.1333287, , -0.04631993, , , , , , , , , , 2, 1
48, 0.1484905, -0.07028936, , -0.1166093, 0.125892, -0.00357099, 0.0006594168, -0.05081279, -0.0857201, 0.01258089, -0.03420107, 0.03644163, -69.80391, 2, 1
49, 0.148911, 0.01648193, , -0.1001274, , , , , , , , , , 2, 1
50, 0.151465, 0.09446942, , -0.005657938, , , , , , , , , , 2, 1
51, 0.1552026, 0.136114, , 0.130456, , , , , , , , , , 2, 1
52, 0.1586911, 0.1256832, , 0.2561393, , , , , , , , , , 2, 1
53, 0.1606534, 0.06703576, , 0.323175, , , , , , , , , , 2, 1
54, 0.160264, -0.01746114, , 0.3057139, , , , , , , , , , 2, 1
55, 0.1577411, -0.09546432, , 0.2102496, , , , , , , , , , 2, 1
56, 0.1540191, -0.1371089, , 0.0731407, , , , , , , , , , 2, 1
57, 0.1504839, -0.1266624, , -0.05352176, , , , , , , , , , 2, 1
58, 0.1485684, -0.06966194, , -0.1231837, 0.1, -0.004354858, 0.0008960313, -0.04696816, -0.08789043, 0.01266644, -0.04277984, 0.04461562, -73.5068, 2, 1
59, 0.1485528, -0.0002700118, , -0.1234537, , , , , , , , , , 2, 1
60, 0.1503593, 0.06676912, , -0.05668459, , , , , , , , , , 2, 1
61, 0.1535207, 0.11737, , 0.06068542, , , , , , , , , , 2, 1
62, 0.1572895, 0.1391726, , 0.199858, , , , , , , , , , 2, 1
63, 0.1607624, 0.1270008, , 0.3268588, , , , , , , , , , 2, 1
64, 0.1630984, 0.08369359, , 0.4105524, , , , , , , , , , 2, 1
65, 0.1636902, 0.01985427, , 0.4304067, , , , , , , , , , 2, 1
66, 0.1624287, -0.04900435, , 0.3814023, , , , , , , , , , 2, 1
67, 0.1596255, -0.1059735, , 0.2754289, , , , , , , , , , 2, 1
68, 0.1559346, -0.1371559, , 0.1382729, , , , , , , , , , 2, 1
69, 0.152306, -0.1350698, , 0.003203145, , , , , , , , , , 2, 1
70, 0.1495962, -0.1001699, , -0.09696677, 0.079433, -0.005351544, 0.001234201, -0.04422637, -0.08928287, 0.01274113, -0.05362787, 0.05512064, -76.63522, 2, 1
71, 0.1483815, -0.04538104, , -0.1423478, , , , , , , , , , 2, 1
72, 0.1486618, 0.009894086, , -0.1324537, , , , , , , , , , 2, 1
73, 0.1503593, 0.06323991, , -0.06921382, , , , , , , , , , 2, 1
74, 0.1532248, 0.106704, , 0.03749016, , , , , , , , , , 2, 1
75, 0.1568067, 0.1334945, , 0.1709847, , , , , , , , , , 2, 1
76, 0.1605911, 0.1395177, , 0.3105024, , , , , , , , , , 2, 1
77, 0.1639393, 0.1239265, , 0.4344289, , , , , , , , , , 2, 1
78, 0.1663532, 0.08894818, , 0.5233771, , , , , , , , , , 2, 1
79, 0.1674433, 0.04013541, , 0.5635125, , , , , , , , , , 2, 1
80, 0.1670852, -0.0150456, , 0.5484669, , , , , , , , , , 2, 1
81, 0.1652942, -0.06793655, , 0.4805303, , , , , , , , , , 2, 1
82, 0.1623664, -0.1103497, , 0.3701806, , , , , , , , , , 2, 1
83, 0.158769, -0.1356658, , 0.2345148, , , , , , , , , , 2, 1
84, 0.1550313, -0.1400577, , 0.09445707, , , , , , , , , , 2, 1
85, 0.1517609, -0.1228666, , -0.02840953, , , , , , , , , , 2, 1
86, 0.1494405, -0.08663347, , -0.115043, 0.063096, -0.006615627, 0.001658738, -0.04197756, -0.09037589, 0.01286999, -0.06722341, 0.06844431, -79.16181, 2, 1
87, 0.1483659, -0.04155382, , -0.1565968, , , , , , , , , , 2, 1
88, 0.1484593, 0.002318069, , -0.1542788, , , , , , , , , , 2, 1
89, 0.1497052, 0.04586056, , -0.1084182, , , , , , , , , , 2, 1
90, 0.1519789, 0.08480725, , -0.02361095, , , , , , , , , , 2, 1
91, 0.1550781, 0.115378, , 0.09176702, , , , , , , , , , 2, 1
92, 0.1586911, 0.1344984, , 0.2262654, , , , , , , , , , 2, 1
93, 0.1624443, 0.1403804, , 0.3666458, , , , , , , , , , 2, 1
94, 0.165995, 0.1324122, , 0.499058, , , , , , , , , , 2, 1
95, 0.1689851, 0.1113939, , 0.6104519, , , , , , , , , , 2, 1
96, 0.1711654, 0.07936444, , 0.6898164, , , , , , , , , , 2, 1
97, 0.1722867, 0.03949232, , 0.7293087, , , , , , , , , , 2, 1
98, 0.1721933, -0.004395255, , 0.7249135, , , , , , , , , , 2, 1
99, 0.1708695, -0.04785932, , 0.6770541, , , , , , , , , , 2, 1
100, 0.1685179, -0.08663347, , 0.5904207, , , , , , , , , , 2, 1
101, 0.1654344, -0.1169689, , 0.4734517, , , , , , , , , , 2, 1
102, 0.1618525, -0.1357756, , 0.3376761, , , , , , , , , , 2, 1
103, 0.1581149, -0.1413439, , 0.1963322, , , , , , , , , , 2, 1
104, 0.1545953, -0.1330778, , 0.06325442, , , , , , , , , , 2, 1
105, 0.1516519, -0.1117928, , -0.04853833, , , , , , , , , , 2, 1
106, 0.1495339, -0.07952802, , -0.1280663, 0.050119, -0.008214224, 0.002205871, -0.04016953, -0.09119989, 0.0129681, -0.08435648, 0.08534745, -81.26035, 2, 1
107, 0.1484438, -0.04304392, , -0.1711103, , , , , , , , , , 2, 1
108, 0.1482725, -0.008332275, , -0.1794425, , , , , , , , , , 2, 1
109, 0.1490044, 0.02684993, , -0.1525926, , , , , , , , , , 2, 1
110, 0.1506241, 0.06027539, , -0.09231722, , , , , , , , , , 2, 1
111, 0.1530223, 0.08993636, , -0.002380864, , , , , , , , , , 2, 1
112, 0.1560747, 0.1139506, , 0.1115697, , , , , , , , , , 2, 1
113, 0.1595944, 0.130828, , 0.2423978, , , , , , , , , , 2, 1
114, 0.1633164, 0.139502, , 0.3818998, , , , , , , , , , 2, 1
115, 0.1670384, 0.1395177, , 0.5214175, , , , , , , , , , 2, 1
116, 0.1705425, 0.1308437, , 0.6522612, , , , , , , , , , 2, 1
117, 0.1736572, 0.1139977, , 0.7662589, , , , , , , , , , 2, 1
118, 0.1760399, 0.0899991, , 0.856258, , , , , , , , , , 2, 1
119, 0.1776595, 0.06035381, , 0.9166118, , , , , , , , , , 2, 1
120, 0.1783759, 0.02692836, , 0.9435402, , , , , , , , , , 2, 1
121, 0.1781735, -0.008253848, , 0.9352863, , , , , , , , , , 2, 1
122, 0.1770522, -0.04290276, , 0.8923835, , , , , , , , , , 2, 1
123, 0.1750588, -0.07491653, , 0.817467, , , , , , , , , , 2, 1
124, 0.172349, -0.1022718, , 0.7151952, , , , , , , , , , 2, 1
125, 0.1690007, -0.1233528, , 0.5918424, , , , , , , , , , 2, 1
126, 0.1654032, -0.1366854, , 0.455157, , , , , , , , , , 2, 1
127, 0.16165, -0.1415949, , 0.3135621, , , , , , , , , , 2, 1
128, 0.158037, -0.1377363, , 0.1758258, , , , , , , , , , 2, 1
129, 0.1547354, -0.1253919, , 0.05043387, , , , , , , , , , 2, 1
130, 0.1519945, -0.1051892, , -0.05475535, , , , , , , , , , 2, 1
131, 0.1499388, -0.07850847, , -0.1332638, , , , , , , , , , 2, 1
132, 0.148693, -0.04878476, , -0.1820486, 0.039811, -0.01023216, 0.002906171, -0.03882191, -0.09176393, 0.01315003, -0.105942, 0.106755, -82.92436, 2, 1
133, 0.148179, -0.0213511, , -0.2033997, , , , , , , , , , 2, 1
134, 0.1483815, 0.006631536, , -0.1967681, , , , , , , , , , 2, 1
135, 0.149347, 0.03439458, , -0.1623736, , , , , , , , , , 2, 1
136, 0.1510134, 0.06074595, , -0.1016276, , , , , , , , , , 2, 1
137, 0.153256, 0.08468177, , -0.01694585, , , , , , , , , , 2, 1
138, 0.1560592, 0.1052296, , 0.08828372, , , , , , , , , , 2, 1
139, 0.1592984, 0.1216835, , 0.2099672, , , , , , , , , , 2, 1
140, 0.1628492, 0.1332593, , 0.3432265, , , , , , , , , , 2, 1
141, 0.1665557, 0.1395961, , 0.4828226, , , , , , , , , , 2, 1
142, 0.1703089, 0.1404118, , 0.6232343, , , , , , , , , , 2, 1
143, 0.1739998, 0.1357219, , 0.7589562, , , , , , , , , , 2, 1
144, 0.1773169, 0.1257146, , 0.8846709, , , , , , , , , , 2, 1
145, 0.1802447, 0.1106724, , 0.9953432, , , , , , , , , , 2, 1
146, 0.182643, 0.0912853, , 1.086629, , , , , , , , , , 2, 1
147, 0.1844496, 0.06822785, , 1.154856, , , , , , , , , , 2, 1
148, 0.1855553, 0.04253527, , 1.197392, , , , , , , , , , 2, 1
149, 0.1859446, 0.0151173, , 1.212509, , , , , , , , , , 2, 1
150, 0.1856331, -0.01292808, , 1.199581, , , , , , , , , , 2, 1
151, 0.1845586, -0.04048722, , 1.159094, , , , , , , , , , 2, 1
152, 0.1828299, -0.06646213, , 1.092631, , , , , , , , , , 2, 1
153, 0.1804783, -0.08984897, , 1.002783, , , , , , , , , , 2, 1
154, 0.1775817, -0.1096752, , 0.8931073, , , , , , , , , , 2, 1
155, 0.1742957, -0.1252508, , 0.7678565, , , , , , , , , , 2, 1
156, 0.1706515, -0.1358541, , 0.6320025, , , , , , , , , , 2, 1
157, 0.1668983, -0.1411557, , 0.4908468, , , , , , , , , , 2, 1
158, 0.1632074, -0.1409518, , 0.349895, , , , , , , , , , 2, 1
159, 0.1596566, -0.1352266, , 0.2146683, , , , , , , , , , 2, 1
160, 0.1564174, -0.1242469, , 0.09042144, , , , , , , , , , 2, 1
161, 0.1535986, -0.1083106, , -0.01788918, , , , , , , , , , 2, 1
162, 0.1512937, -0.08820201, , -0.1060912, , , , , , , , , , 2, 1
163, 0.1496274, -0.06461126, , -0.1707024, 0.031623, -0.0127821, 0.003774514, -0.03766447, -0.09225696, 0.01341453, -0.1330723, 0.1337468, -84.24367, 2, 1
164, 0.1485839, -0.04149108, , -0.2121935, , , , , , , , , , 2, 1
165, 0.1481167, -0.01971983, , -0.2319134, , , , , , , , , , 2, 1
166, 0.1482413, 0.002521978, , -0.2293914, , , , , , , , , , 2, 1
167, 0.1489421, 0.02479516, , -0.2045962, , , , , , , , , , 2, 1
168, 0.1501724, 0.04631544, , -0.1582808, , , , , , , , , , 2, 1
169, 0.1519789, 0.06667501, , -0.09160578, , , , , , , , , , 2, 1
170, 0.1542682, 0.08543467, , -0.006171108, , , , , , , , , , 2, 1
171, 0.1569936, 0.101967, , 0.09579591, , , , , , , , , , 2, 1
172, 0.1600771, 0.1160681, , 0.211864, , , , , , , , , , 2, 1
173, 0.163441, 0.1271733, , 0.3390374, , , , , , , , , , 2, 1
174, 0.1670384, 0.1351101, , 0.4741475, , , , , , , , , , 2, 1
175, 0.1707916, 0.1396746, , 0.613822, , , , , , , , , , 2, 1
176, 0.174576, 0.1407725, , 0.7545946, , , , , , , , , , 2, 1
177, 0.1782358, 0.1383884, , 0.8929829, , , , , , , , , , 2, 1
178, 0.1817086, 0.1325691, , 1.025552, , , , , , , , , , 2, 1
179, 0.1849946, 0.1234402, , 1.148992, , , , , , , , , , 2, 1
180, 0.1879068, 0.11119, , 1.260182, , , , , , , , , , 2, 1
181, 0.1904297, 0.09616343, , 1.356346, , , , , , , , , , 2, 1
182, 0.192501, 0.07875271, , 1.435098, , , , , , , , , , 2, 1
183, 0.1940584, 0.05938132, , 1.49448, , , , , , , , , , 2, 1
184, 0.1950706, 0.03847277, , 1.532952, , , , , , , , , , 2, 1
185, 0.1954911, 0.01663878, , 1.549591, , , , , , , , , , 2, 1
186, 0.1953354, -0.005634397, , 1.543957, , , , , , , , , , 2, 1
187, 0.1946034, -0.02782915, , 1.516128, , , , , , , , , , 2, 1
188, 0.1932953, -0.04928669, , 1.466841, , , , , , , , , , 2, 1
189, 0.191442, -0.06952077, , 1.39732, , , , , , , , , , 2, 1
190, 0.1891527, -0.0881079, , 1.309212, , , , , , , , , , 2, 1
191, 0.1864118, -0.1043893, , 1.204823, , , , , , , , , , 2, 1
192, 0.1833127, -0.1182551, , 1.086568, , , , , , , , , , 2, 1
193, 0.1799332, -0.1290466, , 0.9575214, , , , , , , , , , 2, 1
194, 0.1763514, -0.1366697, , 0.8208517, , , , , , , , , , 2, 1
195, 0.172676, -0.1409204, , 0.6799312, , , , , , , , , , 2, 1
196, 0.1688605, -0.141689, , 0.5382422, , , , , , , , , , 2, 1
197, 0.1652319, -0.1389755, , 0.3992668, , , , , , , , , , 2, 1
198, 0.161759, -0.1328268, , 0.26644, , , , , , , , , , 2, 1
199, 0.1585509, -0.1234156, , 0.1430244, , , , , , , , , , 2, 1
200, 0.155701, -0.110883, , 0.03214138, , , , , , , , , , 2, 1
201, 0.1532092, -0.09562118, , -0.0634798, , , , , , , , , , 2, 1
202, 0.1511847, -0.07802223, , -0.141502, , , , , , , , , , 2, 1
203, 0.1497052, -0.05857241, , -0.2000744, 0.025119, -0.01599099, 0.004849105, -0.03663431, -0.092678, 0.01373577, -0.167114, 0.1676776, -85.3012, 2, 1
204, 0.148693, -0.04047153, , -0.240546, , , , , , , , , , 2, 1
205, 0.1481323, -0.02323335, , -0.2637793, , , , , , , , , , 2, 1
206, 0.1480389, -0.005555971, , -0.2693353, , , , , , , , , , 2, 1
207, 0.148397, 0.01215277, , -0.2571825, , , , , , , , , , 2, 1
208, 0.1492224, 0.02970466, , -0.2274778, , , , , , , , , , 2, 1
209, 0.1504995, 0.04673894, , -0.1807389, , , , , , , , , , 2, 1
210, 0.152197, 0.063036, , -0.1177029, , , , , , , , , , 2, 1
211, 0.1542838, 0.07832921, , -0.03937369, , , , , , , , , , 2, 1
212, 0.1567444, 0.09243033, , 0.05305664, , , , , , , , , , 2, 1
213, 0.1595788, 0.1049786, , 0.1580352, , , , , , , , , , 2, 1
214, 0.1626623, 0.1160054, , 0.2740406, , , , , , , , , , 2, 1
215, 0.1659639, 0.1250872, , 0.3991278, , , , , , , , , , 2, 1
216, 0.1694835, 0.1322083, , 0.5313362, , , , , , , , , , 2, 1
217, 0.1732211, 0.137259, , 0.6685952, , , , , , , , , , 2, 1
218, 0.1768964, 0.1401608, , 0.808756, , , , , , , , , , 2, 1
219, 0.1806185, 0.1408353, , 0.9495913, , , , , , , , , , 2, 1
220, 0.1842938, 0.1393138, , 1.088905, , , , , , , , , , 2, 1
221, 0.1878601, 0.1356121, , 1.224517, , , , , , , , , , 2, 1
222, 0.1912707, 0.1297928, , 1.35431, , , , , , , , , , 2, 1
223, 0.1944789, 0.1219501, , 1.47626, , , , , , , , , , 2, 1
224, 0.1974222, 0.1121311, , 1.588391, , , , , , , , , , 2, 1
225, 0.2000386, 0.1005083, , 1.688899, , , , , , , , , , 2, 1
226, 0.2023278, 0.08737965, , 1.776279, , , , , , , , , , 2, 1
227, 0.2043057, 0.07277659, , 1.849056, , , , , , , , , , 2, 1
228, 0.2057852, 0.05713832, , 1.906194, , , , , , , , , , 2, 1
229, 0.206813, 0.04048049, , 1.946674, , , , , , , , , , 2, 1
230, 0.2074204, 0.02330505, , 1.96998, , , , , , , , , , 2, 1
231, 0.2075605, 0.005564933, , 1.975544, , , , , , , , , , 2, 1
232, 0.2072179, -0.01209676, , 1.963448, , , , , , , , , , 2, 1
233, 0.2064237, -0.02966433, , 1.933783, , , , , , , , , , 2, 1
234, 0.2052089, -0.04672998, , 1.887053, , , , , , , , , , 2, 1
235, 0.2034959, -0.06308979, , 1.823964, , , , , , , , , , 2, 1
236, 0.2013623, -0.07846141, , 1.745502, , , , , , , , , , 2, 1
237, 0.1989328, -0.09260959, , 1.652893, , , , , , , , , , 2, 1
238, 0.1961764, -0.1052363, , 1.547656, , , , , , , , , , 2, 1
239, 0.1931551, -0.1163886, , 1.431268, , , , , , , , , , 2, 1
240, 0.1898535, -0.1255802, , 1.305688, , , , , , , , , , 2, 1
241, 0.1864118, -0.1328111, , 1.172876, , , , , , , , , , 2, 1
242, 0.1827988, -0.1380029, , 1.034873, , , , , , , , , , 2, 1
243, 0.1791234, -0.1410302, , 0.8938433, , , , , , , , , , 2, 1
244, 0.175417, -0.1418615, , 0.7519818, , , , , , , , , , 2, 1
245, 0.171726, -0.1404812, , 0.6115006, , , , , , , , , , 2, 1
246, 0.1680819, -0.136905, , 0.4745956, , , , , , , , , , 2, 1
247, 0.1646869, -0.1311955, , 0.3434001, , , , , , , , , , 2, 1
248, 0.1614632, -0.1234626, , 0.2199374, , , , , , , , , , 2, 1
249, 0.1585509, -0.1137691, , 0.1061683, , , , , , , , , , 2, 1
250, 0.1558879, -0.1022247, , 0.003943597, , , , , , , , , , 2, 1
251, 0.1535986, -0.08920587, , -0.08526227, , , , , , , , , , 2, 1
252, 0.151683, -0.07468124, , -0.1599435, , , , , , , , , , 2, 1
253, 0.1501724, -0.05909003, , -0.2190335, 0.019953, -0.02001525, 0.00622404, -0.03592191, -0.09293745, 0.01415625, -0.209891, 0.2103678, -86.14149, 2, 1
254, 0.1490823, -0.04426738, , -0.2633009, , , , , , , , , , 2, 1
255, 0.1483348, -0.03069956, , -0.2940005, , , , , , , , , , 2, 1
256, 0.1479298, -0.01680236, , -0.3108028, , , , , , , , , , 2, 1
257, 0.1479143, -0.002748295, , -0.3135511, , , , , , , , , , 2, 1
258, 0.1482569, 0.01130577, , -0.3022454, , , , , , , , , , 2, 1
259, 0.1489577, 0.02535983, , -0.2768855, , , , , , , , , , 2, 1
260, 0.1500323, 0.03899038, , -0.2378952, , , , , , , , , , 2, 1
261, 0.1514806, 0.05236998, , -0.1855252, , , , , , , , , , 2, 1
262, 0.1532248, 0.06509078, , -0.1204344, , , , , , , , , , 2, 1
263, 0.1552961, 0.07724692, , -0.04318748, , , , , , , , , , 2, 1
264, 0.1576632, 0.08865016, , 0.04546268, , , , , , , , , , 2, 1
265, 0.1603107, 0.09908091, , 0.1445436, , , , , , , , , , 2, 1
266, 0.1632074, 0.1085862, , 0.2531298, , , , , , , , , , 2, 1
267, 0.1663065, 0.1170406, , 0.3701704, , , , , , , , , , 2, 1
268, 0.1695925, 0.1242716, , 0.494442, , , , , , , , , , 2, 1
269, 0.1731432, 0.1302477, , 0.6246896, , , , , , , , , , 2, 1
270, 0.176694, 0.1349533, , 0.7596429, , , , , , , , , , 2, 1
271, 0.1803537, 0.1383256, , 0.8979685, , , , , , , , , , 2, 1
272, 0.1840446, 0.1403177, , 1.038286, , , , , , , , , , 2, 1
273, 0.1877667, 0.1409451, , 1.179231, , , , , , , , , , 2, 1
274, 0.191442, 0.1401451, , 1.319376, , , , , , , , , , 2, 1
275, 0.1950706, 0.1379649, , 1.457341, , , , , , , , , , 2, 1
276, 0.1985591, 0.13442, , 1.591761, , , , , , , , , , 2, 1
277, 0.2019541, 0.1295418, , 1.721303, , , , , , , , , , 2, 1
278, 0.2052712, 0.1233775, , 1.844681, , , , , , , , , , 2, 1
279, 0.2083081, 0.1160054, , 1.960686, , , , , , , , , , 2, 1
280, 0.2111113, 0.1073628, , 2.068049, , , , , , , , , , 2, 1
281, 0.2136186, 0.09774765, , 2.165796, , , , , , , , , , 2, 1
282, 0.2158923, 0.08719143, , 2.252988, , , , , , , , , , 2, 1
283, 0.2178857, 0.0756627, , 2.32865, , , , , , , , , , 2, 1
284, 0.2194898, 0.06344382, , 2.392094, , , , , , , , , , 2, 1
285, 0.220798, 0.05059753, , 2.442692, , , , , , , , , , 2, 1
286, 0.2217324, 0.03720226, , 2.479894, , , , , , , , , , 2, 1
287, 0.2223553, 0.02352464, , 2.503419, , , , , , , , , , 2, 1
288, 0.2225889, 0.009423527, , 2.512842, , , , , , , , , , 2, 1
289, 0.2224487, -0.00461485, , 2.508227, , , , , , , , , , 2, 1
290, 0.2219504, -0.01866891, , 2.489558, , , , , , , , , , 2, 1
291, 0.2210938, -0.03253475, , 2.457024, , , , , , , , , , 2, 1
292, 0.219848, -0.0460712, , 2.410953, , , , , , , , , , 2, 1
293, 0.2183374, -0.05919982, , 2.351753, , , , , , , , , , 2, 1
294, 0.2164374, -0.07165398, , 2.280099, , , , , , , , , , 2, 1
295, 0.214226, -0.08351209, , 2.196587, , , , , , , , , , 2, 1
296, 0.2117654, -0.09447614, , 2.102111, , , , , , , , , , 2, 1
297, 0.2090556, -0.1044677, , 1.997643, , , , , , , , , , 2, 1
298, 0.2061122, -0.1135338, , 1.884109, , , , , , , , , , 2, 1
299, 0.2028729, -0.1214549, , 1.762654, , , , , , , , , , 2, 1
300, 0.1994779, -0.1281212, , 1.634533, , , , , , , , , , 2, 1
301, 0.1959739, -0.1335483, , 1.500985, , , , , , , , , , 2, 1
302, 0.192392, -0.1376422, , 1.363342, , , , , , , , , , 2, 1
303, 0.1887634, -0.1403871, , 1.222955, , , , , , , , , , 2, 1
304, 0.1850569, -0.1417517, , 1.081204, , , , , , , , , , 2, 1
305, 0.181366, -0.1417361, , 0.9394675, , , , , , , , , , 2, 1
306, 0.1777063, -0.1403244, , 0.7991431, , , , , , , , , , 2, 1
307, 0.1741711, -0.137501, , 0.6616421, , , , , , , , , , 2, 1
308, 0.1706359, -0.1333444, , 0.5282977, , , , , , , , , , 2, 1
309, 0.1672876, -0.1279016, , 0.4003961, , , , , , , , , , 2, 1
310, 0.1641574, -0.121204, , 0.2791921, , , , , , , , , , 2, 1
311, 0.1612296, -0.1132201, , 0.165972, , , , , , , , , , 2, 1
312, 0.1585509, -0.1041069, , 0.06186507, , , , , , , , , , 2, 1
313, 0.1561526, -0.09408401, , -0.03221894, , , , , , , , , , 2, 1
314, 0.1540346, -0.08308859, , -0.1153075, , , , , , , , , , 2, 1
315, 0.1522125, -0.0711991, , -0.1865066, , , , , , , , , , 2, 1
316, 0.1507019, -0.05872926, , -0.2452359, , , , , , , , , , 2, 1
317, 0.1495806, -0.04558495, , -0.2908208, , , , , , , , , , 2, 1
318, 0.1487708, -0.03203282, , -0.3228537, , , , , , , , , , 2, 1
319, 0.1483659, -0.01816698, , -0.3410206, , , , , , , , , , 2, 1
320, 0.1483192, -0.004112919, , -0.3451336, , , , , , , , , , 2, 1
321, 0.1486462, 0.009925457, , -0.3352081, , , , , , , , , , 2, 1
322, 0.1493315, 0.02401089, , -0.3111972, , , , , , , , , , 2, 1
323, 0.1503593, 0.03767282, , -0.2735244, , , , , , , , , , 2, 1
324, 0.1517609, 0.05106809, , -0.2224563, , , , , , , , , , 2, 1
325, 0.1534896, 0.06388301, , -0.1585733, , , , , , , , , , 2, 1
326, 0.1555297, 0.07607052, , -0.08250277, , , , , , , , , , 2, 1
327, 0.1578657, 0.08756787, , 0.005065099, , , , , , , , , , 2, 1
328, 0.160482, 0.09810842, , 0.1031735, , , , , , , , , , 2, 1
329, 0.1633631, 0.1076765, , 0.21085, , , , , , , , , , 2, 1
330, 0.1664311, 0.116272, , 0.327122, , , , , , , , , , 2, 1
331, 0.1697327, 0.1235971, , 0.4507191, , , , , , , , , , 2, 1
332, 0.1732678, 0.1296987, , 0.5804178, , , , , , , , , , 2, 1
333, 0.176803, 0.1345298, , 0.7149476, , , , , , , , , , 2, 1
334, 0.1804627, 0.1380276, , 0.8529751, , , , , , , , , , 2, 1
335, 0.1841692, 0.1401451, , 0.9931203, , , , , , , , , , 2, 1
336, 0.1878757, 0.1409137, , 1.134034, , , , , , , , , , 2, 1
337, 0.191551, 0.1402392, , 1.274273, , , , , , , , , , 2, 1
338, 0.1951641, 0.1381845, , 1.412458, , , , , , , , , , 2, 1
339, 0.1986837, 0.1347807, , 1.547238, , , , , , , , , , 2, 1
340, 0.2020943, 0.1300124, , 1.677251, , , , , , , , , , 2, 1
341, 0.2054425, 0.1240049, , 1.801256, , , , , , , , , , 2, 1
342, 0.2084794, 0.1167269, , 1.917983, , , , , , , , , , 2, 1
343, 0.2112982, 0.1082255, , 2.026208, , , , , , , , , , 2, 1
344, 0.2138833, 0.09868877, , 2.124897, , , , , , , , , , 2, 1
345, 0.2161727, 0.08822665, , 2.213124, , , , , , , , , , 2, 1
346, 0.2181816, 0.07677636, , 2.2899, , , , , , , , , , 2, 1
347, 0.219848, 0.06463591, , 2.354536, , , , , , , , , , 2, 1
348, 0.2211873, 0.05246409, , 2.407, 0.015849, 0.02484002, -0.00857854, 0.03843625, 0.09193743, 0.01672417, -0.2631921, 0.2637229, -86.36411, 2, 1
349, 0.2222463, 0.04167258, , 2.448673, , , , , , , , , , 2, 1
350, 0.2230405, 0.03091243, , 2.479585, , , , , , , , , , 2, 1
351, 0.22357, 0.01996407, , 2.499549, , , , , , , , , , 2, 1
352, 0.2237569, 0.008686315, , 2.508235, , , , , , , , , , 2, 1
353, 0.223679, -0.002434588, , 2.505801, , , , , , , , , , 2, 1
354, 0.2232897, -0.01357118, , 2.492229, , , , , , , , , , 2, 1
355, 0.2226512, -0.02472345, , 2.467506, , , , , , , , , , 2, 1
356, 0.2217168, -0.03562476, , 2.431881, , , , , , , , , , 2, 1
357, 0.2204865, -0.04635353, , 2.385528, , , , , , , , , , 2, 1
358, 0.219007, -0.05684702, , 2.328681, , , , , , , , , , 2, 1
359, 0.2172472, -0.06688564, , 2.261795, , , , , , , , , , 2, 1
360, 0.2152382, -0.07651643, , 2.185279, , , , , , , , , , 2, 1
361, 0.2130112, -0.08578646, , 2.099492, , , , , , , , , , 2, 1
362, 0.2105351, -0.0944134, , 2.005079, , , , , , , , , , 2, 1
363, 0.2078876, -0.1024443, , 1.902635, , , , , , , , , , 2, 1
364, 0.2050688, -0.1098791, , 1.792755, , , , , , , , , , 2, 1
365, 0.2019074, -0.1167023, , 1.676053, , , , , , , , , , 2, 1
366, 0.1986992, -0.1227098, , 1.553343, , , , , , , , , , 2, 1
367, 0.1953665, -0.1279487, , 1.425395, , , , , , , , , , 2, 1
368, 0.1919248, -0.1323876, , 1.293007, , , , , , , , , , 2, 1
369, 0.1884208, -0.1360109, , 1.156996, , , , , , , , , , 2, 1
370, 0.1848077, -0.1387872, , 1.018209, , , , , , , , , , 2, 1
371, 0.181148, -0.1407008, , 0.8775081, , , , , , , , , , 2, 1
372, 0.1774882, -0.1417361, , 0.735772, , , , , , , , , , 2, 1
373, 0.1737973, -0.1419086, , 0.5938634, , , , , , , , , , 2, 1
374, 0.1700753, -0.1411871, , 0.4526764, , , , , , , , , , 2, 1
375, 0.1664155, -0.1395872, , 0.3130892, , , , , , , , , , 2, 1
376, 0.1628803, -0.1371246, , 0.1759646, , , , , , , , , , 2, 1
377, 0.159423, -0.133815, , 0.04214963, , , , , , , , , , 2, 1
378, 0.1560592, -0.1296897, , -0.0875401, , , , , , , , , , 2, 1
379, 0.1528666, -0.1247488, , -0.2122889, , , , , , , , , , 2, 1
380, 0.1497831, -0.1190394, , -0.3313283, , , , , , , , , , 2, 1
381, 0.146902, -0.11253, , -0.4438583, , , , , , , , , , 2, 1
382, 0.1441766, -0.105299, , -0.5491573, , , , , , , , , , 2, 1
383, 0.1417005, -0.09750342, , -0.6466607, , , , , , , , , , 2, 1
384, 0.1393177, -0.08909608, , -0.7357568, , , , , , , , , , 2, 1
385, 0.137262, -0.08007701, , -0.8158338, , , , , , , , , , 2, 1
386, 0.1354711, -0.070556, , -0.8863898, , , , , , , , , , 2, 1
387, 0.1339449, -0.06068993, , -0.9470797, , , , , , , , , , 2, 1
388, 0.1327146, -0.05036898, , -0.9974487, , , , , , , , , , 2, 1
389, 0.1317179, -0.03968726, , -1.037136, , , , , , , , , , 2, 1
390, 0.1310015, -0.02886438, , -1.066, , , , , , , , , , 2, 1
391, 0.1305966, -0.01780622, , -1.083807, , , , , , , , , , 2, 1
392, 0.1304876, -0.006622573, , -1.090429, , , , , , , , , , 2, 1
393, 0.1306745, 0.00449833, , -1.085931, , , , , , , , , , 2, 1
394, 0.1311728, 0.01574472, , -1.070186, , , , , , , , , , 2, 1
395, 0.1319515, 0.02683425, , -1.043352, , , , , , , , , , 2, 1
396, 0.1330105, 0.03765713, , -1.005695, , , , , , , , , , 2, 1
397, 0.1343187, 0.04833885, , -0.9573559, , , , , , , , , , 2, 1
398, 0.1359227, 0.05869117, , -0.8986647, , , , , , , , , , 2, 1
399, 0.1377604, 0.0686043, , -0.8300604, , , , , , , , , , 2, 1
400, 0.1399407, 0.07815667, , -0.7519038, , , , , , , , , , 2, 1
401, 0.1423546, 0.08725417, , -0.6646496, , , , , , , , , , 2, 1
402, 0.1449242, 0.09572425, , -0.5689253, , , , , , , , , , 2, 1
403, 0.1476807, 0.1035669, , -0.4653584, , , , , , , , , , 2, 1
404, 0.1506241, 0.1108763, , -0.3544821, , , , , , , , , , 2, 1
405, 0.1537387, 0.1174484, , -0.2370337, , , , , , , , , , 2, 1
406, 0.1570092, 0.1232206, , -0.1138131, , , , , , , , , , 2, 1
407, 0.1603886, 0.1282243, , 0.0144112, , , , , , , , , , 2, 1
408, 0.1638771, 0.1324436, , 0.1468548, , , , , , , , , , 2, 1
409, 0.1674745, 0.1358317, , 0.2826865, , , , , , , , , , 2, 1
410, 0.1711966, 0.1383727, , 0.4210591, , , , , , , , , , 2, 1
411, 0.1749342, 0.140051, , 0.5611101, , , , , , , , , , 2, 1
412, 0.1786407, 0.1408353, , 0.7019454, , , , , , , , , , 2, 1
413, 0.1823627, 0.1407568, , 0.8427023, , , , , , , , , , 2, 1
414, 0.1860069, 0.1398, , 0.9825023, , , , , , , , , , 2, 1
415, 0.1896199, 0.1379492, , 1.120451, , , , , , , , , , 2, 1
416, 0.1931707, 0.135267, , 1.255718, , , , , , , , , , 2, 1
417, 0.196628, 0.1317221, , 1.387441, , , , , , , , , , 2, 1
418, 0.1999451, 0.1273616, , 1.514802, , , , , , , , , , 2, 1
419, 0.2032155, 0.1222168, , 1.637019, , , , , , , , , , 2, 1
420, 0.2062835, 0.1162877, , 1.753307, , , , , , , , , , 2, 1
421, 0.2091179, 0.109543, , 1.86285, , , , , , , , , , 2, 1
422, 0.2117498, 0.1021552, , 1.965005, , , , , , , , , , 2, 1
423, 0.2141792, 0.09418709, , 2.059192, , , , , , , , , , 2, 1
424, 0.2164062, 0.0856072, , 2.144799, , , , , , , , , , 2, 1
425, 0.2183841, 0.07639991, , 2.221199, , , , , , , , , , 2, 1
426, 0.2201127, 0.06676912, , 2.287968, , , , , , , , , , 2, 1
427, 0.2215766, 0.05680893, , 2.344777, 0.012589, 0.03114898, -0.01082462, 0.03797623, 0.09213925, 0.01868221, -0.3303641, 0.330892, -86.76335, 2, 1
428, 0.2228069, 0.04780554, , 2.392583, , , , , , , , , , 2, 1
429, 0.2238192, 0.03933546, , 2.431918, , , , , , , , , , 2, 1
430, 0.2245823, 0.03075558, , 2.462674, , , , , , , , , , 2, 1
431, 0.2251585, 0.02208159, , 2.484755, , , , , , , , , , 2, 1
432, 0.2254856, 0.01317232, , 2.497928, , , , , , , , , , 2, 1
433, 0.225579, 0.004278735, , 2.502206, , , , , , , , , , 2, 1
434, 0.2254233, -0.004567794, , 2.497639, , , , , , , , , , 2, 1
435, 0.2250962, -0.01341432, , 2.484224, , , , , , , , , , 2, 1
436, 0.2245044, -0.0223236, , 2.461901, , , , , , , , , , 2, 1
437, 0.2236479, -0.03102896, , 2.430872, , , , , , , , , , 2, 1
438, 0.2226045, -0.03960884, , 2.391263, , , , , , , , , , 2, 1
439, 0.2213586, -0.04811029, , 2.343153, , , , , , , , , , 2, 1
440, 0.2198791, -0.05642352, , 2.286729, , , , , , , , , , 2, 1
441, 0.2181972, -0.06443872, , 2.22229, , , , , , , , , , 2, 1
442, 0.2163284, -0.07218727, , 2.150103, , , , , , , , , , 2, 1
443, 0.2142415, -0.0797633, , 2.07034, , , , , , , , , , 2, 1
444, 0.211999, -0.08699424, , 1.983346, , , , , , , , , , 2, 1
445, 0.2095384, -0.09383304, , 1.889513, , , , , , , , , , 2, 1
446, 0.2069376, -0.1002797, , 1.789233, , , , , , , , , , 2, 1
447, 0.2041655, -0.1063499, , 1.682883, , , , , , , , , , 2, 1
448, 0.2011443, -0.1121065, , 1.570776, , , , , , , , , , 2, 1
449, 0.1981075, -0.1173924, , 1.453384, , , , , , , , , , 2, 1
450, 0.1949461, -0.1221451, , 1.331239, , , , , , , , , , 2, 1
451, 0.1916912, -0.1264115, , 1.204827, , , , , , , , , , 2, 1
452, 0.1882962, -0.1302073, , 1.07462, , , , , , , , , , 2, 1
453, 0.1848545, -0.1334699, , 0.9411502, , , , , , , , , , 2, 1
454, 0.1813193, -0.1362462, , 0.804904, , , , , , , , , , 2, 1
455, 0.1777218, -0.1384421, , 0.6664618, , , , , , , , , , 2, 1
456, 0.1740776, -0.1401362, , 0.5263257, , , , , , , , , , 2, 1
457, 0.17034, -0.1412812, , 0.3850445, , , , , , , , , , 2, 1
458, 0.1666335, -0.1418459, , 0.2431986, , , , , , , , , , 2, 1
459, 0.1629582, -0.1418615, , 0.1013371, , , , , , , , , , 2, 1
460, 0.1592984, -0.1413439, , -0.04000684, , , , , , , , , , 2, 1
461, 0.1556698, -0.1402617, , -0.1802685, , , , , , , , , , 2, 1
462, 0.152088, -0.1386147, , -0.3188832, , , , , , , , , , 2, 1
463, 0.1485839, -0.1364344, , -0.4553176, , , , , , , , , , 2, 1
464, 0.1451111, -0.1337366, , -0.5890541, , , , , , , , , , 2, 1
465, 0.1417472, -0.1304897, , -0.7195438, , , , , , , , , , 2, 1
466, 0.1383833, -0.1267566, , -0.8463004, , , , , , , , , , 2, 1
467, 0.1352219, -0.1225215, , -0.9688219, , , , , , , , , , 2, 1
468, 0.1322007, -0.1177846, , -1.086607, , , , , , , , , , 2, 1
469, 0.1293507, -0.112577, , -1.199183, , , , , , , , , , 2, 1
470, 0.1267344, -0.1068519, , -1.306035, , , , , , , , , , 2, 1
471, 0.1242738, -0.100813, , -1.406848, , , , , , , , , , 2, 1
472, 0.1219845, -0.09439772, , -1.501246, , , , , , , , , , 2, 1
473, 0.1198821, -0.08759028, , -1.588836, , , , , , , , , , 2, 1
474, 0.1179977, -0.08039071, , -1.669227, , , , , , , , , , 2, 1
475, 0.116269, -0.07286175, , -1.742089, , , , , , , , , , 2, 1
476, 0.1147584, -0.06511319, , -1.807202, , , , , , , , , , 2, 1
477, 0.1134503, -0.05712936, , -1.864331, , , , , , , , , , 2, 1
478, 0.1123757, -0.0488475, , -1.913179, , , , , , , , , , 2, 1
479, 0.1115036, -0.04034605, , -1.953525, , , , , , , , , , 2, 1
480, 0.1108651, -0.03176617, , -1.985291, , , , , , , , , , 2, 1
481, 0.1104446, -0.02307649, , -2.008368, , , , , , , , , , 2, 1
482, 0.1102889, -0.0141829, , -2.022551, , , , , , , , , , 2, 1
483, 0.1103511, -0.005336375, , -2.027887, , , , , , , , , , 2, 1
484, 0.1106315, 0.003510155, , -2.024377, , , , , , , , , , 2, 1
485, 0.111161, 0.01238806, , -2.011989, , , , , , , , , , 2, 1
486, 0.1119085, 0.02131301, , -1.990676, , , , , , , , , , 2, 1
487, 0.112874, 0.03001837, , -1.960657, , , , , , , , , , 2, 1
488, 0.1140732, 0.03859825, , -1.922059, , , , , , , , , , 2, 1
489, 0.1154904, 0.04708401, , -1.874975, , , , , , , , , , 2, 1
490, 0.11711, 0.05538156, , -1.819593, , , , , , , , , , 2, 1
491, 0.1188387, 0.06339677, , -1.756197, , , , , , , , , , 2, 1
492, 0.1207542, 0.07114532, , -1.685051, , , , , , , , , , 2, 1
493, 0.1228566, 0.07872134, , -1.60633, , , , , , , , , , 2, 1
494, 0.1251771, 0.08596797, , -1.520362, , , , , , , , , , 2, 1
495, 0.1276532, 0.09280678, , -1.427555, , , , , , , , , , 2, 1
496, 0.1303007, 0.09926914, , -1.328286, , , , , , , , , , 2, 1
497, 0.1331195, 0.1053394, , -1.222947, , , , , , , , , , 2, 1
498, 0.1360629, 0.1110959, , -1.111851, , , , , , , , , , 2, 1
499, 0.1391931, 0.1163661, , -0.9954848, , , , , , , , , , 2, 1
500, 0.1425103, 0.1211188, , -0.8743659, , , , , , , , , , 2, 1
501, 0.145843, 0.1254166, , -0.7489493, , , , , , , , , , 2, 1
502, 0.1492691, 0.1291968, , -0.6197526, , , , , , , , , , 2, 1
503, 0.1527576, 0.1324907, , -0.4872619, , , , , , , , , , 2, 1
504, 0.1563239, 0.1352513, , -0.3520106, , , , , , , , , , 2, 1
505, 0.1599525, 0.1374629, , -0.2145477, , , , , , , , , , 2, 1
506, 0.1636279, 0.1391413, , -0.07540643, , , , , , , , , , 2, 1
507, 0.1673188, 0.1402863, , 0.06487985, , , , , , , , , , 2, 1
508, 0.1710564, 0.1408667, , 0.2057465, , , , , , , , , , 2, 1
509, 0.1748407, 0.140898, , 0.3466445, , , , , , , , , , 2, 1
510, 0.1785005, 0.140349, , 0.4869935, , , , , , , , , , 2, 1
511, 0.1821291, 0.1392667, , 0.6262603, , , , , , , , , , 2, 1
512, 0.1857421, 0.1376355, , 0.7638958, , , , , , , , , , 2, 1
513, 0.1892773, 0.1354709, , 0.8993666, , , , , , , , , , 2, 1
514, 0.1927502, 0.1327416, , 1.032108, , , , , , , , , , 2, 1
515, 0.1961608, 0.1295261, , 1.161634, , , , , , , , , , 2, 1
516, 0.1994312, 0.125793, , 1.287427, , , , , , , , , , 2, 1
517, 0.2026238, 0.1215423, , 1.40897, , , , , , , , , , 2, 1
518, 0.2057384, 0.116821, , 1.525791, , , , , , , , , , 2, 1
519, 0.2086351, 0.1115978, , 1.637389, , , , , , , , , , 2, 1
520, 0.2113916, 0.1058727, , 1.743261, , , , , , , , , , 2, 1
521, 0.2139768, 0.0998338, , 1.843095, , , , , , , , , , 2, 1
522, 0.2163751, 0.0934185, , 1.936514, , , , , , , , , , 2, 1
523, 0.2186177, 0.08661107, , 2.023125, , , , , , , , , , 2, 1
524, 0.2206889, 0.0794115, , 2.102536, , , , , , , , , , 2, 1
525, 0.2225422, 0.07185116, , 2.174387, , , , , , , , , , 2, 1
526, 0.2241774, 0.0641183, , 2.238506, , , , , , , , , , 2, 1
527, 0.2255323, 0.04949956, , 2.288005, 0.01, 0.03916009, -0.01254162, 0.03758479, 0.09227625, 0.03168258, -0.4114743, 0.4126922, -85.59704, 2, 1
