Experiment:, 0%-SOC_NewMultiplexer
Start date:, Tuesday, June 18, 2024
Start time:, 8:05:51 PM +02:00
Time (s), Voltage (V), Current (A), Reverse I (A), Charge (C), Frequency (Hz), V' (V), V'' (V), A' (A), A'' (A), Z' (Ohm), Z'' (Ohm), | Z | (Ohm), Phase (Deg), V Range (), I Range ()
1, 0.1237443, 0.01074109, , 0.01074109, 100000, 0.0005218871, 0.001124717, 0.1167881, 0.0816615, 0.007523925, 0.004369473, 0.008700674, 30.14562, 2, 1
1, 0.1237443, 0.01074109, , 0.01074109, 79432.82, 0.0004804385, 0.0009443343, 0.09986208, 0.08045115, 0.007537349, 0.003384126, 0.0082622, 24.17917, 2, 1
1, 0.1237443, 0.01074109, , 0.01074109, 63095.73, 0.0008913182, -0.000310274, 0.09278221, -0.07314131, 0.007550573, 0.002608094, 0.007988323, 19.05577, 2, 1
1, 0.1237443, 0.01074109, , 0.01074109, 50118.72, 3.667113e-05, -0.0008738434, -0.02407151, -0.1087264, 0.007590364, 0.002017749, 0.007853976, 14.88667, 2, 1
2, 0.1253951, -0.0001445292, , 0.01059656, 39810.71, -0.0005591809, 0.0006202325, -0.05415587, 0.09229694, 0.007643353, 0.001573708, 0.007803679, 11.63419, 2, 1
2, 0.1253951, -0.0001445292, , 0.01059656, 31622.77, -0.0004951917, 0.0006485832, -0.04939752, 0.09209266, 0.00770897, 0.001242094, 0.007808394, 9.153013, 2, 1
2, 0.1253951, -0.0001445292, , 0.01059656, 25118.86, 0.0007240579, -0.0003486652, 0.08613791, -0.05618552, 0.007749101, 0.001006781, 0.007814229, 7.402536, 2, 1
2, 0.1253951, -0.0001445292, , 0.01059656, 19952.62, 0.0004058408, -0.0006813605, 0.04234865, -0.09253013, 0.007748081, 0.0008399431, 0.007793476, 6.187079, 2, 1
3, 0.1254574, 0.002459237, , 0.0130558, 15848.93, 0.0007416132, 0.0002594525, 0.0981103, 0.02435736, 0.007738542, 0.0007232887, 0.00777227, 5.339681, 2, 1
3, 0.1254574, 0.002459237, , 0.0130558, 12589.25, 0.0005972182, 0.0005005848, 0.08218502, 0.0580553, 0.007718081, 0.0006389159, 0.007744481, 4.732253, 2, 1
3, 0.1254574, 0.002459237, , 0.0130558, 9999.997, 0.0007233144, 0.0002690507, 0.09632453, 0.02793116, 0.00767384, 0.0005679911, 0.007694832, 4.233116, 2, 1
3, 0.1254574, 0.002459237, , 0.0130558, 7943.28, 0.0006150837, 0.0004551851, 0.08416518, 0.05418443, 0.007628207, 0.0004972966, 0.0076444, 3.729938, 2, 1
4, 0.1253951, -0.001932658, , 0.01112314, 6309.571, -0.0005759199, 0.0004927847, -0.0721483, 0.06917796, 0.007570987, 0.0004291259, 0.007583138, 3.244072, 2, 1
4, 0.1253951, -0.001932658, , 0.01112314, 5011.871, 0.0003456121, -0.0006662219, 0.04176335, -0.09067447, 0.007509829, 0.0003526511, 0.007518104, 2.688555, 2, 1
4, 0.1253951, -0.001932658, , 0.01112314, 3981.07, 5.06992e-05, 0.000744865, 0.01046538, 0.09922273, 0.007477706, 0.0002777368, 0.007482862, 2.127101, 2, 1
4, 0.1253951, -0.001932658, , 0.01112314, 3162.276, -0.0005238057, 0.0005275229, -0.06834386, 0.07263221, 0.007451404, 0.0002002964, 0.007454096, 1.53976, 2, 1
5, 0.1254418, 0.003165077, , 0.01428822, 2511.885, -3.323169e-05, 0.0007403247, -0.002740937, 0.09964877, 0.007432891, 0.0001290393, 0.007434011, 0.9945879, 2, 1
5, 0.1254418, 0.003165077, , 0.01428822, 1995.261, 0.000508385, -0.0005403074, 0.06765945, -0.07320245, 0.00744222, 6.623336e-05, 0.007442514, 0.5099005, 2, 1
5, 0.1254418, 0.003165077, , 0.01428822, 1584.892, -0.0002764514, -0.0006888337, -0.03721679, -0.09246376, 0.007446753, 7.493285e-06, 0.007446757, 0.05765378, 2, 1
5, 0.1254418, 0.003165077, , 0.01428822, 1258.925, 0.0006833328, 0.0002898808, 0.091504, 0.03944219, 0.007449259, -4.299487e-05, 0.007449383, -0.3306902, 2, 1
6, 0.1253951, -0.005806936, , 0.008481285, 999.9994, 0.0004936792, 0.0005576069, 0.06505311, 0.07548061, 0.007473276, -9.961952e-05, 0.00747394, -0.7637132, 2, 1
6, 0.1253951, -0.005806936, , 0.008481285, 794.3277, -0.0005405699, -0.0005143267, -0.0708518, -0.07007576, 0.007486181, -0.0001449945, 0.007487585, -1.109582, 2, 1
6, 0.1253951, -0.005806936, , 0.008481285, 630.9569, -0.0003840621, 0.0006434271, -0.05301651, 0.08434869, 0.007519443, -0.000173002, 0.007521432, -1.317988, 2, 1
6, 0.1253951, -0.005806936, , 0.008481285, 501.1869, -0.0004992973, -0.0005635965, -0.06382995, -0.07649411, 0.00755439, -0.0002235597, 0.007557697, -1.69508, 2, 1
6, 0.1253951, -0.005806936, , 0.008481285, 398.1069, -0.0007131677, -0.0002511021, -0.0928087, -0.03624647, 0.007584138, -0.0002564005, 0.007588471, -1.936288, 2, 1
6, 0.1253951, -0.005806936, , 0.008481285, 316.2275, 0.0007016378, 0.000291667, 0.09035188, 0.04196064, 0.007621082, -0.0003112114, 0.007627434, -2.338408, 2, 1
6, 0.1253951, -0.005806936, , 0.008481285, 251.1884, -0.0004023907, 0.0006501274, -0.05612737, 0.08231563, 0.007666701, -0.0003391951, 0.0076742, -2.533265, 2, 1
7, 0.1254729, 4.369486e-05, , 0.008524979, 199.5261, -0.0006044793, 0.0004761367, -0.08129901, 0.05760342, 0.007712844, -0.0003917698, 0.007722788, -2.90781, 2, 1
7, 0.1254729, 4.369486e-05, , 0.008524979, 158.4892, 0.0001483253, 0.0007601012, 0.01363364, 0.09867702, 0.00776242, -0.0004306498, 0.007774357, -3.175446, 2, 1
7, 0.1254729, 4.369486e-05, , 0.008524979, 125.8924, 0.0006324057, -0.0004579508, 0.08419265, -0.05326652, 0.007821834, -0.000490648, 0.007837207, -3.589347, 2, 1
7, 0.1254729, 4.369486e-05, , 0.008524979, 99.99991, 0.0007801547, -0.0001081771, 0.09941867, -0.006694473, 0.007884682, -0.0005571722, 0.007904344, -4.042096, 2, 1
7, 0.1254729, 4.369486e-05, , 0.008524979, 79.43275, 0.0007047621, -0.0003626514, 0.09181345, -0.03863627, 0.00793332, -0.0006114299, 0.007956846, -4.407138, 2, 1
7, 0.1254729, 4.369486e-05, , 0.008524979, 63.09567, 0.0002353059, -0.0007666131, 0.03719794, -0.09240942, 0.008021128, -0.000682437, 0.008050107, -4.863009, 2, 1
8, 0.1254729, -0.0001445292, , 0.00838045, 50.11867, 0.0005136706, -0.0006263119, 0.07017116, -0.07072752, 0.008093827, -0.0007674887, 0.008130134, -5.416816, 2, 1
8, 0.1254729, -0.0001445292, , 0.00838045, 39.81068, -0.0004951062, 0.0006555563, -0.06796733, 0.07282414, 0.008202366, -0.0008566764, 0.008246981, -5.962503, 2, 1
8, 0.1254729, -0.0001445292, , 0.00838045, 31.62274, -0.0002635168, 0.000792056, -0.04210049, 0.09029367, 0.008323276, -0.0009623842, 0.00837873, -6.595573, 2, 1
8, 0.1254729, -0.0001445292, , 0.00838045, 25.11884, 0.0008368159, -0.000118584, 0.09961874, -0.001771051, 0.008418687, -0.001040709, 0.008482768, -7.047091, 2, 1
8, 0.1254729, -0.0001445292, , 0.00838045, 19.9526, 9.977263e-05, 0.0008578293, -0.00190001, 0.09958414, 0.008591873, -0.001165821, 0.008670606, -7.727204, 2, 1
8, 0.1254729, -0.0001445292, , 0.00838045, 15.84891, 0.0001866836, 0.0008553935, 0.006831879, 0.0993795, 0.008695387, -0.001280724, 0.008789199, -8.378725, 2, 1
9, 0.1254418, -0.003140429, , 0.005240022, 12.58924, 0.0008393792, 0.0003215334, 0.08628844, 0.04980244, 0.008910141, -0.001416335, 0.009022007, -9.032036, 2, 1
9, 0.1254418, -0.003140429, , 0.005240022, 9.999988, -0.0003184731, -0.0008612744, -0.01804323, -0.09797269, 0.009081597, -0.00157811, 0.009217692, -9.857858, 2, 1
9, 0.1254418, -0.003140429, , 0.005240022, 7.943272, 0.0003524862, 0.0008712077, 0.02049586, 0.09750382, 0.009284767, -0.001663391, 0.009432591, -10.15694, 2, 1
9, 0.1254418, -0.003140429, , 0.005240022, 6.309565, -0.0007279093, -0.0006211039, -0.06215508, -0.07788323, 0.009428578, -0.001821641, 0.009602941, -10.93505, 2, 1
9, 0.1254418, -0.003140429, , 0.005240022, 5.011866, 0.0008889732, -0.0004087068, 0.09716843, -0.02199203, 0.009608568, -0.002031471, 0.00982097, -11.93784, 2, 1
10, 0.1255664, 0.009125505, , 0.01436553, 3.981066, 0.0004295562, 0.000909665, 0.02121046, 0.09735764, 0.009837838, -0.002268863, 0.01009608, -12.98683, 2, 1
10, 0.1255664, 0.009125505, , 0.01436553, 3.162273, -0.0006968576, 0.0007573824, -0.08345295, 0.05445224, 0.01001023, -0.002543984, 0.01032843, -14.25919, 2, 1
11, 0.125691, 0.009690177, , 0.0240557, 2.511883, -0.001025518, -0.0002239889, -0.08835535, -0.0460344, 0.01016753, -0.002762338, 0.01053609, -15.19937, 2, 1
11, 0.125691, 0.009690177, , 0.0240557, 1.995259, -0.0005909943, -0.0008998729, -0.02727952, -0.09583933, 0.01030936, -0.003232074, 0.01080413, -17.40666, 2, 1
12, 0.1255508, -0.02472345, , -0.0006677483, 1.584891, -1.584257e-05, -0.001104445, 0.0320831, -0.09433831, 0.01044242, -0.003719249, 0.01108498, -19.60424, 2, 1
13, 0.1257688, -0.007297043, , -0.007964791, 1.258924, 0.0004694701, -0.001048778, 0.07222821, -0.06861949, 0.01066698, -0.004386316, 0.01153361, -22.35271, 2, 1
14, 0.1261893, 0.01219983, , 0.00423504, 0.999998, 0.0008533054, -0.0008369603, 0.09452252, -0.03155801, 0.01078196, -0.005254863, 0.01199435, -25.98346, 2, 1
15, 0.1263451, 0.04134319, , 0.04557823, 0.794327, 0.001088655, -0.0006381185, 0.09963879, -0.001154311, 0.01099874, -0.006276898, 0.01266379, -29.71309, 2, 1
16, 0.1250525, -0.05463539, , -0.00905716, , , , , , , , , , 2, 1
17, 0.1270303, 0.02983015, , 0.02077299, 0.630956, 0.001275951, -0.0004676045, 0.09677782, 0.02368205, 0.0113239, -0.007602751, 0.01363938, -33.87701, 2, 1
18, 0.1247877, -0.03080936, , -0.01003638, , , , , , , , , , 2, 1
19, 0.1274664, 0.04763301, , 0.03759663, 0.501186, 0.001447087, -0.0003110873, 0.08942387, 0.04397349, 0.01165368, -0.009209402, 0.01485333, -38.3178, 2, 1
20, 0.1242115, -0.09638976, , -0.05879313, , , , , , , , , , 2, 1
21, 0.1269836, 0.105857, , 0.04706385, 0.398106, 0.001622088, -0.0002061021, 0.08062857, 0.05855966, 0.01195519, -0.01123912, 0.01640866, -43.23169, 2, 1
22, 0.1266565, -0.05040035, , -0.003336495, , , , , , , , , , 2, 1
23, 0.1235886, -0.0795437, , -0.0828802, , , , , , , , , , 2, 1
24, 0.1267188, 0.1132448, , 0.03036457, 0.316227, 0.001833929, -0.00017369, 0.07309655, 0.06770512, 0.01231924, -0.01378677, 0.01848888, -48.21746, 2, 1
25, 0.1278713, 0.007902049, , 0.03826661, , , , , , , , , , 2, 1
26, 0.1242271, -0.1275722, , -0.08930559, , , , , , , , , , 2, 1
27, 0.1234328, -0.006920595, , -0.09622619, , , , , , , , , , 2, 1
28, 0.1272327, 0.1266557, , 0.03042954, 0.251188, 0.00210238, -0.0001924813, 0.06643908, 0.07427324, 0.01262594, -0.01701183, 0.0211853, -53.41773, 2, 1
29, 0.1284163, 0.02126596, , 0.0516955, , , , , , , , , , 2, 1
30, 0.1252705, -0.11791, , -0.06621455, , , , , , , , , , 2, 1
31, 0.1223427, -0.09533884, , -0.1615534, , , , , , , , , , 2, 1
32, 0.1236976, 0.05778142, , -0.103772, , , , , , , , , , 2, 1
33, 0.1276065, 0.1306398, , 0.02686784, 0.199526, 0.002454145, -0.0002518941, 0.06057899, 0.07911978, 0.01296506, -0.02109125, 0.02475749, -58.42043, 2, 1
34, 0.1289614, 0.0354455, , 0.06231334, , , , , , , , , , 2, 1
35, 0.1265942, -0.09111948, , -0.02880614, , , , , , , , , , 2, 1
36, 0.1228878, -0.1345992, , -0.1634054, , , , , , , , , , 2, 1
37, 0.1212214, -0.05581179, , -0.2192172, , , , , , , , , , 2, 1
38, 0.1231214, 0.07349812, , -0.1457191, , , , , , , , , , 2, 1
39, 0.1270147, 0.1352042, , -0.01051481, , , , , , , , , , 2, 1
40, 0.1293975, 0.07632148, , 0.06580667, 0.158489, 0.00291334, -0.0003660516, 0.05575234, 0.08257402, 0.01331741, -0.02628991, 0.02947054, -63.13505, 2, 1
41, 0.1287122, -0.03093485, , 0.03487183, , , , , , , , , , 2, 1
42, 0.1256598, -0.1175179, , -0.08264607, , , , , , , , , , 2, 1
43, 0.1220156, -0.1346306, , -0.2172767, , , , , , , , , , 2, 1
44, 0.1200223, -0.07215591, , -0.2894326, , , , , , , , , , 2, 1
45, 0.1208944, 0.03290448, , -0.2565281, , , , , , , , , , 2, 1
46, 0.1241336, 0.1180758, , -0.1384523, , , , , , , , , , 2, 1
47, 0.1278868, 0.1328357, , -0.005616518, , , , , , , , , , 2, 1
48, 0.1300048, 0.07108258, , 0.06546606, 0.125892, 0.003508052, -0.000520656, 0.05164916, 0.08521833, 0.01377858, -0.03281454, 0.03558993, -67.22283, 2, 1
49, 0.1296778, -0.01534362, , 0.05012244, , , , , , , , , , 2, 1
50, 0.1272327, -0.09389579, , -0.04377335, , , , , , , , , , 2, 1
51, 0.1236664, -0.1367011, , -0.1804744, , , , , , , , , , 2, 1
52, 0.1202714, -0.1275565, , -0.3080309, , , , , , , , , , 2, 1
53, 0.1184493, -0.06989723, , -0.3779282, , , , , , , , , , 2, 1
54, 0.1188854, 0.01433304, , -0.3635951, , , , , , , , , , 2, 1
55, 0.1213927, 0.09286952, , -0.2707256, , , , , , , , , , 2, 1
56, 0.1251303, 0.1356905, , -0.1350351, , , , , , , , , , 2, 1
57, 0.1286655, 0.1265459, , -0.008489179, , , , , , , , , , 2, 1
58, 0.1306745, 0.07051791, , 0.06202873, 0.1, 0.004273448, -0.0007394259, 0.04847084, 0.08706628, 0.01437655, -0.0410791, 0.04352215, -70.71137, 2, 1
59, 0.1307523, 0.001486746, , 0.06351548, , , , , , , , , , 2, 1
60, 0.1290704, -0.06581903, , -0.002303554, , , , , , , , , , 2, 1
61, 0.1260803, -0.1171414, , -0.119445, , , , , , , , , , 2, 1
62, 0.1224361, -0.1399793, , -0.2594243, , , , , , , , , , 2, 1
63, 0.1190878, -0.1288898, , -0.3883141, , , , , , , , , , 2, 1
64, 0.1168453, -0.08642956, , -0.4747436, , , , , , , , , , 2, 1
65, 0.1163469, -0.02301375, , -0.4977574, , , , , , , , , , 2, 1
66, 0.1176551, 0.04593899, , -0.4518184, , , , , , , , , , 2, 1
67, 0.1204427, 0.1035355, , -0.3482828, , , , , , , , , , 2, 1
68, 0.1241492, 0.1356748, , -0.2126081, , , , , , , , , , 2, 1
69, 0.1278245, 0.1346709, , -0.07793712, , , , , , , , , , 2, 1
70, 0.1306278, 0.1007122, , 0.02277507, , , , , , , , , , 2, 1
71, 0.1319204, 0.04650366, , 0.06927873, 0.079433, 0.005251376, -0.001016298, 0.04573498, 0.08851621, 0.01513203, -0.05150824, 0.05368498, -73.62833, 2, 1
72, 0.1317179, -0.008630296, , 0.06064843, , , , , , , , , , 2, 1
73, 0.1300827, -0.06221141, , -0.00156297, , , , , , , , , , 2, 1
74, 0.1273418, -0.1062088, , -0.1077717, , , , , , , , , , 2, 1
75, 0.1239312, -0.1337679, , -0.2415397, , , , , , , , , , 2, 1
76, 0.1203337, -0.1406695, , -0.3822091, , , , , , , , , , 2, 1
77, 0.1170944, -0.1259252, , -0.5081344, , , , , , , , , , 2, 1
78, 0.114774, -0.09165279, , -0.5997872, , , , , , , , , , 2, 1
79, 0.1137462, -0.04326352, , -0.6430507, , , , , , , , , , 2, 1
80, 0.1141978, 0.0118077, , -0.631243, , , , , , , , , , 2, 1
81, 0.1160666, 0.06494962, , -0.5662934, , , , , , , , , , 2, 1
82, 0.1189477, 0.1079118, , -0.4583816, , , , , , , , , , 2, 1
83, 0.1225451, 0.1340278, , -0.3243538, , , , , , , , , , 2, 1
84, 0.1263295, 0.1392981, , -0.1850556, , , , , , , , , , 2, 1
85, 0.1296778, 0.1229697, , -0.06208597, , , , , , , , , , 2, 1
86, 0.1320449, 0.08741102, , 0.02532504, 0.063096, 0.006510246, -0.001368852, 0.04351578, 0.08964201, 0.0161735, -0.06477369, 0.06676236, -75.98034, 2, 1
87, 0.1332129, 0.0427235, , 0.06804854, , , , , , , , , , 2, 1
88, 0.1332285, -0.001054279, , 0.06699426, , , , , , , , , , 2, 1
89, 0.1320761, -0.04469088, , 0.02230337, , , , , , , , , , 2, 1
90, 0.1298647, -0.08396696, , -0.06166359, , , , , , , , , , 2, 1
91, 0.1269057, -0.1150396, , -0.1767032, , , , , , , , , , 2, 1
92, 0.1234795, -0.1347875, , -0.3114907, , , , , , , , , , 2, 1
93, 0.1198665, -0.1413753, , -0.452866, , , , , , , , , , 2, 1
94, 0.1164559, -0.13416, , -0.587026, , , , , , , , , , 2, 1
95, 0.1135748, -0.1138005, , -0.7008265, , , , , , , , , , 2, 1
96, 0.1115347, -0.08227295, , -0.7830995, , , , , , , , , , 2, 1
97, 0.1105536, -0.04269885, , -0.8257983, , , , , , , , , , 2, 1
98, 0.1107405, 0.001063242, , -0.824735, , , , , , , , , , 2, 1
99, 0.1120798, 0.04466847, , -0.7800666, , , , , , , , , , 2, 1
100, 0.114447, 0.08378771, , -0.6962789, , , , , , , , , , 2, 1
101, 0.1175305, 0.1146251, , -0.5816538, , , , , , , , , , 2, 1
102, 0.121128, 0.1340906, , -0.4475632, , , , , , , , , , 2, 1
103, 0.1248967, 0.140349, , -0.3072142, , , , , , , , , , 2, 1
104, 0.1284942, 0.1327887, , -0.1744255, , , , , , , , , , 2, 1
105, 0.1314999, 0.1121468, , -0.06227873, , , , , , , , , , 2, 1
106, 0.1336801, 0.08038399, , 0.01810526, , , , , , , , , , 2, 1
107, 0.1348481, 0.04413518, , 0.06224043, 0.050119, 0.008102929, -0.001811034, 0.04171784, 0.09049929, 0.01753582, -0.08145227, 0.08331853, -77.85027, 2, 1
108, 0.1351285, 0.009517638, , 0.07175807, , , , , , , , , , 2, 1
109, 0.1344588, -0.02566457, , 0.0460935, , , , , , , , , , 2, 1
110, 0.1329015, -0.05927825, , -0.01318475, , , , , , , , , , 2, 1
111, 0.130581, -0.08920587, , -0.1023906, , , , , , , , , , 2, 1
112, 0.1276688, -0.1136436, , -0.2160342, , , , , , , , , , 2, 1
113, 0.1243517, -0.1309916, , -0.3470258, , , , , , , , , , 2, 1
114, 0.1207853, -0.1402146, , -0.4872404, , , , , , , , , , 2, 1
115, 0.1172035, -0.1407793, , -0.6280197, , , , , , , , , , 2, 1
116, 0.1138396, -0.1326542, , -0.7606739, , , , , , , , , , 2, 1
117, 0.1109274, -0.1162944, , -0.8769684, , , , , , , , , , 2, 1
118, 0.1085446, -0.09271938, , -0.9696878, , , , , , , , , , 2, 1
119, 0.1070029, -0.06337212, , -1.03306, , , , , , , , , , 2, 1
120, 0.1063799, -0.03008784, , -1.063148, , , , , , , , , , 2, 1
121, 0.1066602, 0.005000262, , -1.058147, , , , , , , , , , 2, 1
122, 0.1078905, 0.03975897, , -1.018389, , , , , , , , , , 2, 1
123, 0.1100708, 0.07199233, , -0.9463962, , , , , , , , , , 2, 1
124, 0.112874, 0.09969264, , -0.8467035, , , , , , , , , , 2, 1
125, 0.1161445, 0.1212129, , -0.7254906, , , , , , , , , , 2, 1
126, 0.1197419, 0.1350631, , -0.5904275, , , , , , , , , , 2, 1
127, 0.1235107, 0.1405216, , -0.449906, , , , , , , , , , 2, 1
128, 0.1271705, 0.1372276, , -0.3126783, , , , , , , , , , 2, 1
129, 0.1305032, 0.1253852, , -0.1872931, , , , , , , , , , 2, 1
130, 0.1333375, 0.1056688, , -0.08162436, , , , , , , , , , 2, 1
131, 0.1354399, 0.07934876, , -0.0022756, , , , , , , , , , 2, 1
132, 0.1367481, 0.04984464, , 0.04756904, 0.039811, 0.01012196, -0.002358649, 0.04009248, 0.09121212, 0.01920782, -0.1025288, 0.1043125, -79.38916, 2, 1
133, 0.137371, 0.02252078, , 0.07008982, , , , , , , , , , 2, 1
134, 0.137262, -0.005493229, , 0.06459659, , , , , , , , , , 2, 1
135, 0.1363744, -0.03327196, , 0.03132463, , , , , , , , , , 2, 1
136, 0.1348326, -0.05979586, , -0.02847124, , , , , , , , , , 2, 1
137, 0.1326367, -0.0839356, , -0.1124068, , , , , , , , , , 2, 1
138, 0.1298802, -0.1047657, , -0.2171726, , , , , , , , , , 2, 1
139, 0.1268278, -0.1215961, , -0.3387687, , , , , , , , , , 2, 1
140, 0.1234328, -0.1335326, , -0.4723013, , , , , , , , , , 2, 1
141, 0.1198665, -0.140293, , -0.6125943, , , , , , , , , , 2, 1
142, 0.116269, -0.1415635, , -0.7541578, , , , , , , , , , 2, 1
143, 0.1128273, -0.1372971, , -0.8914549, , , , , , , , , , 2, 1
144, 0.1095725, -0.127682, , -1.019137, , , , , , , , , , 2, 1
145, 0.1066914, -0.1130162, , -1.132153, , , , , , , , , , 2, 1
146, 0.1043554, -0.09394284, , -1.226096, , , , , , , , , , 2, 1
147, 0.1026423, -0.07115205, , -1.297248, , , , , , , , , , 2, 1
148, 0.1016144, -0.04561632, , -1.342864, , , , , , , , , , 2, 1
149, 0.1012874, -0.01829246, , -1.361157, , , , , , , , , , 2, 1
150, 0.101739, 0.009737233, , -1.35142, , , , , , , , , , 2, 1
151, 0.1028915, 0.03739048, , -1.314029, , , , , , , , , , 2, 1
152, 0.1047447, 0.06349088, , -1.250538, , , , , , , , , , 2, 1
153, 0.1072053, 0.08712868, , -1.163409, , , , , , , , , , 2, 1
154, 0.1102889, 0.107253, , -1.056157, , , , , , , , , , 2, 1
155, 0.1136839, 0.1231893, , -0.9329672, , , , , , , , , , 2, 1
156, 0.1172502, 0.1341847, , -0.7987826, , , , , , , , , , 2, 1
157, 0.1209878, 0.1399255, , -0.658857, , , , , , , , , , 2, 1
158, 0.1247254, 0.1401451, , -0.5187119, , , , , , , , , , 2, 1
159, 0.1283073, 0.1348435, , -0.3838684, , , , , , , , , , 2, 1
160, 0.1315933, 0.1242559, , -0.2596126, , , , , , , , , , 2, 1
161, 0.13449, 0.108696, , -0.1509165, , , , , , , , , , 2, 1
162, 0.1368727, 0.08888544, , -0.0620311, , , , , , , , , , 2, 1
163, 0.1386014, 0.06548291, , 0.003451812, 0.031623, 0.01266935, -0.003061885, 0.03894483, 0.09171511, 0.02141183, -0.129046, 0.1308103, -80.57908, 2, 1
164, 0.1397538, 0.04251958, , 0.0459714, , , , , , , , , , 2, 1
165, 0.1404234, 0.02084245, , 0.06681385, , , , , , , , , , 2, 1
166, 0.1404079, -0.001446412, , 0.06536744, , , , , , , , , , 2, 1
167, 0.1396759, -0.02365685, , 0.04171059, , , , , , , , , , 2, 1
168, 0.1384612, -0.04528693, , -0.003576346, , , , , , , , , , 2, 1
169, 0.1367481, -0.06581903, , -0.06939538, , , , , , , , , , 2, 1
170, 0.1345055, -0.08473554, , -0.1541309, , , , , , , , , , 2, 1
171, 0.1318269, -0.1014875, , -0.2556184, , , , , , , , , , 2, 1
172, 0.1288524, -0.1158396, , -0.371458, , , , , , , , , , 2, 1
173, 0.1256598, -0.1272428, , -0.4987008, , , , , , , , , , 2, 1
174, 0.1222648, -0.1354776, , -0.6341784, , , , , , , , , , 2, 1
175, 0.1186985, -0.1403871, , -0.7745655, , , , , , , , , , 2, 1
176, 0.115101, -0.1418302, , -0.9163957, , , , , , , , , , 2, 1
177, 0.1115659, -0.1397754, , -1.056171, , , , , , , , , , 2, 1
178, 0.1081086, -0.1342542, , -1.190425, , , , , , , , , , 2, 1
179, 0.1049316, -0.1254547, , -1.31588, , , , , , , , , , 2, 1
180, 0.1021128, -0.1135025, , -1.429382, , , , , , , , , , 2, 1
181, 0.09966777, -0.09872687, , -1.528109, , , , , , , , , , 2, 1
182, 0.09772108, -0.08153573, , -1.609645, , , , , , , , , , 2, 1
183, 0.09625718, -0.0623212, , -1.671966, , , , , , , , , , 2, 1
184, 0.09532277, -0.04152245, , -1.713489, , , , , , , , , , 2, 1
185, 0.09498017, -0.01976689, , -1.733256, , , , , , , , , , 2, 1
186, 0.09522934, 0.002474922, , -1.730781, , , , , , , , , , 2, 1
187, 0.09605473, 0.02473241, , -1.706048, , , , , , , , , , 2, 1
188, 0.09745634, 0.0462527, , -1.659796, , , , , , , , , , 2, 1
189, 0.09940302, 0.06662795, , -1.593168, , , , , , , , , , 2, 1
190, 0.1018013, 0.08540329, , -1.507764, , , , , , , , , , 2, 1
191, 0.1046513, 0.1019043, , -1.40586, , , , , , , , , , 2, 1
192, 0.1079061, 0.1160211, , -1.289839, , , , , , , , , , 2, 1
193, 0.1115036, 0.1271106, , -1.162728, , , , , , , , , , 2, 1
194, 0.115101, 0.1350631, , -1.027665, , , , , , , , , , 2, 1
195, 0.1188075, 0.1396432, , -0.8880221, , , , , , , , , , 2, 1
196, 0.1225451, 0.1407568, , -0.7472652, , , , , , , , , , 2, 1
197, 0.1262205, 0.138357, , -0.6089082, , , , , , , , , , 2, 1
198, 0.1297401, 0.1325377, , -0.4763705, , , , , , , , , , 2, 1
199, 0.1330105, 0.1234089, , -0.3529616, , , , , , , , , , 2, 1
200, 0.1359694, 0.1111743, , -0.2417873, , , , , , , , , , 2, 1
201, 0.1385079, 0.09616343, , -0.1456239, , , , , , , , , , 2, 1
202, 0.1407193, 0.07875271, , -0.06687119, , , , , , , , , , 2, 1
203, 0.142339, 0.05944406, , -0.007427125, 0.025119, 0.01589432, -0.003933806, 0.03792058, 0.09215591, 0.0241875, -0.1625193, 0.1643093, -81.53489, 2, 1
204, 0.1434291, 0.04146867, , 0.03404154, , , , , , , , , , 2, 1
205, 0.1440521, 0.02430891, , 0.05835045, , , , , , , , , , 2, 1
206, 0.1442078, 0.00658448, , 0.06493493, , , , , , , , , , 2, 1
207, 0.1439275, -0.01107721, , 0.05385772, , , , , , , , , , 2, 1
208, 0.1431799, -0.02866047, , 0.02519725, , , , , , , , , , 2, 1
209, 0.1419964, -0.04575749, , -0.02056024, , , , , , , , , , 2, 1
210, 0.1402989, -0.06218003, , -0.08274027, , , , , , , , , , 2, 1
211, 0.1381653, -0.07759872, , -0.160339, , , , , , , , , , 2, 1
212, 0.135767, -0.09185669, , -0.2521957, , , , , , , , , , 2, 1
213, 0.1330261, -0.1045775, , -0.3567732, , , , , , , , , , 2, 1
214, 0.1300048, -0.1158082, , -0.4725814, , , , , , , , , , 2, 1
215, 0.1268278, -0.1251253, , -0.5977067, , , , , , , , , , 2, 1
216, 0.1234951, -0.1324817, , -0.7301884, , , , , , , , , , 2, 1
217, 0.1200223, -0.1377677, , -0.867956, , , , , , , , , , 2, 1
218, 0.1164871, -0.1409361, , -1.008892, , , , , , , , , , 2, 1
219, 0.1129208, -0.1418929, , -1.150785, , , , , , , , , , 2, 1
220, 0.1093389, -0.1406538, , -1.291439, , , , , , , , , , 2, 1
221, 0.1057881, -0.137203, , -1.428642, , , , , , , , , , 2, 1
222, 0.1025021, -0.131619, , -1.560261, , , , , , , , , , 2, 1
223, 0.09941859, -0.1240116, , -1.684273, , , , , , , , , , 2, 1
224, 0.09656865, -0.1144122, , -1.798685, , , , , , , , , , 2, 1
225, 0.09403018, -0.1029776, , -1.901662, , , , , , , , , , 2, 1
226, 0.09183433, -0.09005288, , -1.991715, , , , , , , , , , 2, 1
227, 0.09001223, -0.07560668, , -2.067322, , , , , , , , , , 2, 1
228, 0.08862621, -0.0600782, , -2.1274, , , , , , , , , , 2, 1
229, 0.08764508, -0.04351449, , -2.170915, , , , , , , , , , 2, 1
230, 0.08716229, -0.02635473, , -2.197269, , , , , , , , , , 2, 1
231, 0.08713115, -0.008708723, , -2.205978, , , , , , , , , , 2, 1
232, 0.0875672, 0.008952966, , -2.197025, , , , , , , , , , 2, 1
233, 0.08843932, 0.02661465, , -2.17041, , , , , , , , , , 2, 1
234, 0.08977863, 0.04372736, , -2.126683, , , , , , , , , , 2, 1
235, 0.09152286, 0.06018127, , -2.066502, , , , , , , , , , 2, 1
236, 0.09368757, 0.0756627, , -1.990839, , , , , , , , , , 2, 1
237, 0.09624161, 0.0899991, , -1.90084, , , , , , , , , , 2, 1
238, 0.09910712, 0.1028297, , -1.79801, , , , , , , , , , 2, 1
239, 0.1022841, 0.1141388, , -1.683871, , , , , , , , , , 2, 1
240, 0.1057103, 0.1235971, , -1.560274, , , , , , , , , , 2, 1
241, 0.1094012, 0.1310633, , -1.429211, , , , , , , , , , 2, 1
242, 0.1131232, 0.1364747, , -1.292736, , , , , , , , , , 2, 1
243, 0.1168297, 0.1397687, , -1.152968, , , , , , , , , , 2, 1
244, 0.1205517, 0.1408667, , -1.012101, , , , , , , , , , 2, 1
245, 0.1242582, 0.1397373, , -0.8723637, , , , , , , , , , 2, 1
246, 0.1278557, 0.136412, , -0.7359517, , , , , , , , , , 2, 1
247, 0.131313, 0.1309535, , -0.6049982, , , , , , , , , , 2, 1
248, 0.1345678, 0.1234402, , -0.4815579, , , , , , , , , , 2, 1
249, 0.1375735, 0.1139977, , -0.3675602, , , , , , , , , , 2, 1
250, 0.1403767, 0.1026572, , -0.2649031, , , , , , , , , , 2, 1
251, 0.142775, 0.08982655, , -0.1750765, , , , , , , , , , 2, 1
252, 0.1447684, 0.07545879, , -0.09961775, , , , , , , , , , 2, 1
253, 0.1463725, 0.05996168, , -0.03965607, 0.019953, 0.01994652, -0.005061418, 0.03721788, 0.09242425, 0.0276577, -0.2046774, 0.2065376, -82.30434, 2, 1
254, 0.1475249, 0.04524884, , 0.005592768, , , , , , , , , , 2, 1
255, 0.1483815, 0.03172807, , 0.03732084, , , , , , , , , , 2, 1
256, 0.1488331, 0.01787792, , 0.05519876, , , , , , , , , , 2, 1
257, 0.1489421, 0.003761119, , 0.05895988, , , , , , , , , , 2, 1
258, 0.1486618, -0.01024589, , 0.048714, , , , , , , , , , 2, 1
259, 0.1480233, -0.02429995, , 0.02441405, , , , , , , , , , 2, 1
260, 0.1470266, -0.03799325, , -0.0135792, , , , , , , , , , 2, 1
261, 0.1456873, -0.0514199, , -0.0649991, , , , , , , , , , 2, 1
262, 0.1439898, -0.06428187, , -0.129281, , , , , , , , , , 2, 1
263, 0.1419808, -0.07648507, , -0.205766, , , , , , , , , , 2, 1
264, 0.1395825, -0.08804516, , -0.2938112, , , , , , , , , , 2, 1
265, 0.1369506, -0.09860139, , -0.3924126, , , , , , , , , , 2, 1
266, 0.1341162, -0.1082322, , -0.5006447, , , , , , , , , , 2, 1
267, 0.1310794, -0.1168905, , -0.6175352, , , , , , , , , , 2, 1
268, 0.1279491, -0.1242783, , -0.7418135, , , , , , , , , , 2, 1
269, 0.1246787, -0.1304426, , -0.8722562, , , , , , , , , , 2, 1
270, 0.1212526, -0.1353521, , -1.007608, , , , , , , , , , 2, 1
271, 0.1177641, -0.1389127, , -1.146521, , , , , , , , , , 2, 1
272, 0.1141978, -0.1411243, , -1.287645, , , , , , , , , , 2, 1
273, 0.1106003, -0.1419086, , -1.429554, , , , , , , , , , 2, 1
274, 0.1069406, -0.1413282, , -1.570882, , , , , , , , , , 2, 1
275, 0.1034365, -0.1393519, , -1.710234, , , , , , , , , , 2, 1
276, 0.1000415, -0.1360109, , -1.846245, , , , , , , , , , 2, 1
277, 0.09677111, -0.131321, , -1.977566, , , , , , , , , , 2, 1
278, 0.09367199, -0.1253606, , -2.102926, , , , , , , , , , 2, 1
279, 0.09075976, -0.118161, , -2.221087, , , , , , , , , , 2, 1
280, 0.08803441, -0.1096909, , -2.330778, , , , , , , , , , 2, 1
281, 0.08558938, -0.100217, , -2.430995, , , , , , , , , , 2, 1
282, 0.0834091, -0.08980191, , -2.520797, , , , , , , , , , 2, 1
283, 0.08152471, -0.07841436, , -2.599212, , , , , , , , , , 2, 1
284, 0.07996736, -0.06630528, , -2.665517, , , , , , , , , , 2, 1
285, 0.07875264, -0.05358447, , -2.719101, , , , , , , , , , 2, 1
286, 0.07788052, -0.0401892, , -2.759291, , , , , , , , , , 2, 1
287, 0.07736661, -0.02655864, , -2.785849, , , , , , , , , , 2, 1
288, 0.07722644, -0.01253594, , -2.798385, , , , , , , , , , 2, 1
289, 0.07746005, 0.001486746, , -2.796898, , , , , , , , , , 2, 1
290, 0.07803626, 0.01558786, , -2.781311, , , , , , , , , , 2, 1
291, 0.07900181, 0.02951644, , -2.751794, , , , , , , , , , 2, 1
292, 0.08032556, 0.04306857, , -2.708726, , , , , , , , , , 2, 1
293, 0.08197634, 0.05629131, , -2.652434, , , , , , , , , , 2, 1
294, 0.08396974, 0.0688239, , -2.58361, , , , , , , , , , 2, 1
295, 0.08627461, 0.08077612, , -2.502834, , , , , , , , , , 2, 1
296, 0.0888598, 0.09188134, , -2.410953, , , , , , , , , , 2, 1
297, 0.09170974, 0.1020298, , -2.308923, , , , , , , , , , 2, 1
298, 0.09480885, 0.1112527, , -2.19767, , , , , , , , , , 2, 1
299, 0.09812599, 0.1193307, , -2.07834, , , , , , , , , , 2, 1
300, 0.1016144, 0.1261852, , -1.952155, , , , , , , , , , 2, 1
301, 0.105243, 0.1318005, , -1.820354, , , , , , , , , , 2, 1
302, 0.1090586, 0.1360826, , -1.684271, , , , , , , , , , 2, 1
303, 0.1128273, 0.1390471, , -1.545224, , , , , , , , , , 2, 1
304, 0.1165494, 0.1406157, , -1.404609, , , , , , , , , , 2, 1
305, 0.120287, 0.1407882, , -1.26382, , , , , , , , , , 2, 1
306, 0.1239623, 0.1395648, , -1.124256, , , , , , , , , , 2, 1
307, 0.1275754, 0.1369767, , -0.987279, , , , , , , , , , 2, 1
308, 0.1310794, 0.133024, , -0.854255, , , , , , , , , , 2, 1
309, 0.1344433, 0.1277537, , -0.7265013, , , , , , , , , , 2, 1
310, 0.1376358, 0.1212129, , -0.6052884, , , , , , , , , , 2, 1
311, 0.1407193, 0.11348, , -0.4918084, , , , , , , , , , 2, 1
312, 0.143507, 0.1044924, , -0.387316, , , , , , , , , , 2, 1
313, 0.1459676, 0.0945949, , -0.2927211, , , , , , , , , , 2, 1
314, 0.1481479, 0.08375634, , -0.2089648, , , , , , , , , , 2, 1
315, 0.1500478, 0.07194527, , -0.1370195, , , , , , , , , , 2, 1
316, 0.1516052, 0.05958523, , -0.07743428, , , , , , , , , , 2, 1
317, 0.1528355, 0.04755458, , -0.0298797, 0.015849, 0.02504427, -0.00646604, 0.03662837, 0.09266201, 0.03204857, -0.257607, 0.2595929, -82.90834, 2, 1
318, 0.153801, 0.03684149, , 0.006961795, , , , , , , , , , 2, 1
319, 0.1544707, 0.02600293, , 0.03296472, , , , , , , , , , 2, 1
320, 0.1548289, 0.01488202, , 0.04784675, , , , , , , , , , 2, 1
321, 0.1549223, 0.003651322, , 0.05149807, , , , , , , , , , 2, 1
322, 0.1547199, -0.007469581, , 0.04402849, , , , , , , , , , 2, 1
323, 0.1542059, -0.01863754, , 0.02539094, , , , , , , , , , 2, 1
324, 0.1534428, -0.02968002, , -0.004289075, , , , , , , , , , 2, 1
325, 0.1523838, -0.0405029, , -0.04479198, , , , , , , , , , 2, 1
326, 0.1510445, -0.05116893, , -0.0959609, , , , , , , , , , 2, 1
327, 0.1494249, -0.06144283, , -0.1574037, , , , , , , , , , 2, 1
328, 0.1475717, -0.07129321, , -0.2286969, , , , , , , , , , 2, 1
329, 0.1454692, -0.08078285, , -0.3094798, , , , , , , , , , 2, 1
330, 0.1431332, -0.08975486, , -0.3992347, , , , , , , , , , 2, 1
331, 0.1405169, -0.09811515, , -0.4973498, , , , , , , , , , 2, 1
332, 0.137667, -0.105848, , -0.6031978, , , , , , , , , , 2, 1
333, 0.1346924, -0.1130476, , -0.7162454, , , , , , , , , , 2, 1
334, 0.1315777, -0.1195099, , -0.8357553, , , , , , , , , , 2, 1
335, 0.1284163, -0.1251723, , -0.9609277, , , , , , , , , , 2, 1
336, 0.1251459, -0.1300348, , -1.090963, , , , , , , , , , 2, 1
337, 0.1217976, -0.134113, , -1.225075, , , , , , , , , , 2, 1
338, 0.1183403, -0.1373755, , -1.362451, , , , , , , , , , 2, 1
339, 0.1148207, -0.139744, , -1.502195, , , , , , , , , , 2, 1
340, 0.1112544, -0.1412812, , -1.643476, , , , , , , , , , 2, 1
341, 0.1075946, -0.1419243, , -1.785401, , , , , , , , , , 2, 1
342, 0.1040283, -0.141689, , -1.92709, , , , , , , , , , 2, 1
343, 0.1004932, -0.140591, , -2.067681, , , , , , , , , , 2, 1
344, 0.09702028, -0.138599, , -2.20628, , , , , , , , , , 2, 1
345, 0.09362528, -0.1357443, , -2.342024, , , , , , , , , , 2, 1
346, 0.09033927, -0.1320582, , -2.474082, , , , , , , , , , 2, 1
347, 0.08717787, -0.1275565, , -2.601639, , , , , , , , , , 2, 1
348, 0.08414105, -0.1222706, , -2.723909, , , , , , , , , , 2, 1
349, 0.08125997, -0.116216, , -2.840125, , , , , , , , , , 2, 1
350, 0.0785969, -0.1093145, , -2.94944, , , , , , , , , , 2, 1
351, 0.07602729, -0.1018482, , -3.051288, , , , , , , , , , 2, 1
352, 0.07375357, -0.09378599, , -3.145074, , , , , , , , , , 2, 1
353, 0.07169788, -0.085112, , -3.230186, , , , , , , , , , 2, 1
354, 0.06990693, -0.07581059, , -3.305996, , , , , , , , , , 2, 1
355, 0.06836516, -0.06613274, , -3.372129, , , , , , , , , , 2, 1
356, 0.06707256, -0.05607844, , -3.428208, , , , , , , , , , 2, 1
357, 0.06607586, -0.04555358, , -3.473761, , , , , , , , , , 2, 1
358, 0.06535948, -0.03482481, , -3.508586, , , , , , , , , , 2, 1
359, 0.06493901, -0.02390781, , -3.532494, , , , , , , , , , 2, 1
360, 0.06479884, -0.01272417, , -3.545218, , , , , , , , , , 2, 1
361, 0.06497015, -0.00158758, , -3.546806, , , , , , , , , , 2, 1
362, 0.06540621, 0.009549009, , -3.537256, , , , , , , , , , 2, 1
363, 0.06615373, 0.02081108, , -3.516445, , , , , , , , , , 2, 1
364, 0.06718157, 0.03174376, , -3.484702, , , , , , , , , , 2, 1
365, 0.06848975, 0.04247253, , -3.442229, , , , , , , , , , 2, 1
366, 0.07006267, 0.05307582, , -3.389153, , , , , , , , , , 2, 1
367, 0.0719159, 0.06320854, , -3.325945, , , , , , , , , , 2, 1
368, 0.07401831, 0.07293345, , -3.253011, , , , , , , , , , 2, 1
369, 0.07640105, 0.08236034, , -3.170651, , , , , , , , , , 2, 1
370, 0.07904854, 0.09114413, , -3.079507, , , , , , , , , , 2, 1
371, 0.08185175, 0.09933188, , -2.980175, , , , , , , , , , 2, 1
372, 0.08482628, 0.1069079, , -2.873267, , , , , , , , , , 2, 1
373, 0.08800326, 0.1139506, , -2.759316, , , , , , , , , , 2, 1
374, 0.09127369, 0.1201463, , -2.63917, , , , , , , , , , 2, 1
375, 0.09473098, 0.1255891, , -2.513581, , , , , , , , , , 2, 1
376, 0.0982973, 0.130232, , -2.383349, , , , , , , , , , 2, 1
377, 0.1019882, 0.1340592, , -2.24929, , , , , , , , , , 2, 1
378, 0.1057414, 0.1370708, , -2.112219, , , , , , , , , , 2, 1
379, 0.1096192, 0.1392354, , -1.972984, , , , , , , , , , 2, 1
380, 0.1134191, 0.1405059, , -1.832478, , , , , , , , , , 2, 1
381, 0.1171256, 0.1409137, , -1.691564, , , , , , , , , , 2, 1
382, 0.1208476, 0.1404275, , -1.551137, , , , , , , , , , 2, 1
383, 0.1244918, 0.1390785, , -1.412058, , , , , , , , , , 2, 1
384, 0.1281049, 0.1368355, , -1.275223, , , , , , , , , , 2, 1
385, 0.13164, 0.1337612, , -1.141461, , , , , , , , , , 2, 1
386, 0.1350195, 0.1298242, , -1.011637, , , , , , , , , , 2, 1
387, 0.138321, 0.1251029, , -0.8865344, , , , , , , , , , 2, 1
388, 0.1415914, 0.1195973, , -0.7669371, , , , , , , , , , 2, 1
389, 0.144566, 0.1133232, , -0.6536139, , , , , , , , , , 2, 1
390, 0.147338, 0.1062334, , -0.5473804, , , , , , , , , , 2, 1
391, 0.1499077, 0.09859466, , -0.4487858, , , , , , , , , , 2, 1
392, 0.1522593, 0.09035986, , -0.3584259, , , , , , , , , , 2, 1
393, 0.1543773, 0.08151334, , -0.2769126, , , , , , , , , , 2, 1
394, 0.1562772, 0.07205507, , -0.2048575, , , , , , , , , , 2, 1
395, 0.1579124, 0.0622988, , -0.1425587, , , , , , , , , , 2, 1
396, 0.1592517, 0.05211901, , -0.09043974, , , , , , , , , , 2, 1
397, 0.1603263, 0.04150004, , -0.0489397, , , , , , , , , , 2, 1
398, 0.1611205, 0.0307399, , -0.0181998, , , , , , , , , , 2, 1
399, 0.1616189, 0.01979153, , 0.001591734, , , , , , , , , , 2, 1
400, 0.1618058, 0.008513777, , 0.01010551, , , , , , , , , , 2, 1
401, 0.1617123, -0.002622812, , 0.007482698, , , , , , , , , , 2, 1
402, 0.1613697, -0.0137594, , -0.006276703, , , , , , , , , , 2, 1
403, 0.1606845, -0.02491168, , -0.03118838, , , , , , , , , , 2, 1
404, 0.1597345, -0.03581299, , -0.06700137, , , , , , , , , , 2, 1
405, 0.1585198, -0.04654175, , -0.1135431, , , , , , , , , , 2, 1
406, 0.1570247, -0.05701956, , -0.1705627, , , , , , , , , , 2, 1
407, 0.1552649, -0.06704248, , -0.2376052, , , , , , , , , , 2, 1
408, 0.1532404, -0.07668898, , -0.3142941, , , , , , , , , , 2, 1
409, 0.1509822, -0.08592764, , -0.4002218, , , , , , , , , , 2, 1
410, 0.1485061, -0.09453888, , -0.4947607, , , , , , , , , , 2, 1
411, 0.1458274, -0.1025541, , -0.5973148, , , , , , , , , , 2, 1
412, 0.1429775, -0.1099889, , -0.7073037, , , , , , , , , , 2, 1
413, 0.1398628, -0.1168121, , -0.8241158, , , , , , , , , , 2, 1
414, 0.1365924, -0.1227725, , -0.9468883, , , , , , , , , , 2, 1
415, 0.1332597, -0.12798, , -1.074868, , , , , , , , , , 2, 1
416, 0.1298335, -0.1324033, , -1.207272, , , , , , , , , , 2, 1
417, 0.1264229, -0.1360266, , -1.343298, , , , , , , , , , 2, 1
418, 0.1229345, -0.1387872, , -1.482085, , , , , , , , , , 2, 1
419, 0.1194149, -0.1407008, , -1.622786, , , , , , , , , , 2, 1
420, 0.115833, -0.1417361, , -1.764522, , , , , , , , , , 2, 1
421, 0.1122667, -0.1418929, , -1.906415, , , , , , , , , , 2, 1
422, 0.1086536, -0.1411557, , -2.047571, , , , , , , , , , 2, 1
423, 0.1051185, -0.1395715, , -2.187142, , , , , , , , , , 2, 1
424, 0.1016923, -0.1370932, , -2.324235, , , , , , , , , , 2, 1
425, 0.09834403, -0.1337522, , -2.457988, , , , , , , , , , 2, 1
426, 0.09512032, -0.1296113, , -2.587599, , , , , , , , , , 2, 1
427, 0.0920212, -0.1246704, , -2.71227, , , , , , , , , , 2, 1
428, 0.0890934, -0.1189609, , -2.83123, , , , , , , , , , 2, 1
429, 0.08630575, -0.1124358, , -2.943666, , , , , , , , , , 2, 1
430, 0.08372056, -0.1051735, , -3.04884, , , , , , , , , , 2, 1
431, 0.08133783, -0.09736224, , -3.146202, , , , , , , , , , 2, 1
432, 0.0791887, -0.0889549, , -3.235157, , , , , , , , , , 2, 1
433, 0.07724202, -0.08037502, , -3.315532, 0.012589, -0.02834152, 0.01842127, -0.05711465, -0.08166234, 0.01151893, -0.3390011, 0.3391968, -88.05389, 2, 1
434, 0.07545108, -0.07273626, , -3.388268, , , , , , , , , , 2, 1
435, 0.07394045, -0.0650034, , -3.453272, , , , , , , , , , 2, 1
436, 0.07263228, -0.05700387, , -3.510276, , , , , , , , , , 2, 1
437, 0.07154214, -0.04870633, , -3.558982, , , , , , , , , , 2, 1
438, 0.0706856, -0.04020488, , -3.599187, , , , , , , , , , 2, 1
439, 0.07004709, -0.031625, , -3.630812, , , , , , , , , , 2, 1
440, 0.06962661, -0.02293532, , -3.653747, , , , , , , , , , 2, 1
441, 0.0694553, -0.01404174, , -3.667789, , , , , , , , , , 2, 1
442, 0.06950202, -0.005179522, , -3.672968, , , , , , , , , , 2, 1
443, 0.06978234, 0.003651322, , -3.669317, , , , , , , , , , 2, 1
444, 0.07031184, 0.01252922, , -3.656788, , , , , , , , , , 2, 1
445, 0.07105936, 0.02146986, , -3.635318, , , , , , , , , , 2, 1
446, 0.07202492, 0.03015954, , -3.605158, , , , , , , , , , 2, 1
447, 0.0732085, 0.03873942, , -3.566419, , , , , , , , , , 2, 1
448, 0.07464125, 0.04722518, , -3.519194, , , , , , , , , , 2, 1
449, 0.07633876, 0.05552273, , -3.463671, , , , , , , , , , 2, 1
450, 0.07826986, 0.06352225, , -3.400149, , , , , , , , , , 2, 1
451, 0.08034113, 0.07128649, , -3.328862, , , , , , , , , , 2, 1
452, 0.08258371, 0.07884682, , -3.250015, , , , , , , , , , 2, 1
453, 0.08499759, 0.08607776, , -3.163938, , , , , , , , , , 2, 1
454, 0.08761393, 0.09291657, , -3.071021, , , , , , , , , , 2, 1
455, 0.09040157, 0.09936324, , -2.971658, , , , , , , , , , 2, 1
456, 0.09332938, 0.1054335, , -2.866225, , , , , , , , , , 2, 1
457, 0.09641292, 0.1111743, , -2.75505, , , , , , , , , , 2, 1
458, 0.09960547, 0.1164289, , -2.638621, , , , , , , , , , 2, 1
459, 0.1029382, 0.1211972, , -2.517424, , , , , , , , , , 2, 1
460, 0.1063955, 0.1254636, , -2.39196, , , , , , , , , , 2, 1
461, 0.1100397, 0.1292438, , -2.262717, , , , , , , , , , 2, 1
462, 0.1135904, 0.132522, , -2.130194, , , , , , , , , , 2, 1
463, 0.1171567, 0.1352827, , -1.994912, , , , , , , , , , 2, 1
464, 0.1207698, 0.1374786, , -1.857433, , , , , , , , , , 2, 1
465, 0.1244607, 0.139157, , -1.718276, , , , , , , , , , 2, 1
466, 0.1281672, 0.1402863, , -1.57799, , , , , , , , , , 2, 1
467, 0.1318736, 0.1408667, , -1.437123, , , , , , , , , , 2, 1
468, 0.135549, 0.1408823, , -1.296241, , , , , , , , , , 2, 1
469, 0.1392866, 0.1403334, , -1.155908, , , , , , , , , , 2, 1
470, 0.1430398, 0.1392354, , -1.016672, , , , , , , , , , 2, 1
471, 0.1466528, 0.1375884, , -0.8790839, , , , , , , , , , 2, 1
472, 0.1501724, 0.1353925, , -0.7436914, , , , , , , , , , 2, 1
473, 0.1536297, 0.1326789, , -0.6110125, , , , , , , , , , 2, 1
474, 0.1570247, 0.129432, , -0.4815805, , , , , , , , , , 2, 1
475, 0.1603107, 0.1256989, , -0.3558816, , , , , , , , , , 2, 1
476, 0.1634566, 0.1214325, , -0.2344491, , , , , , , , , , 2, 1
477, 0.1665245, 0.1167112, , -0.1177378, , , , , , , , , , 2, 1
478, 0.1694212, 0.111488, , -0.006249826, , , , , , , , , , 2, 1
479, 0.1722867, 0.1057629, , 0.09951304, , , , , , , , , , 2, 1
480, 0.1748875, 0.09970832, , 0.1992214, , , , , , , , , , 2, 1
481, 0.1773013, 0.09327734, , 0.2924987, , , , , , , , , , 2, 1
482, 0.1795595, 0.0864699, , 0.3789686, , , , , , , , , , 2, 1
483, 0.1815996, 0.07925464, , 0.4582232, , , , , , , , , , 2, 1
484, 0.1834529, 0.07169431, , 0.5299175, , , , , , , , , , 2, 1
485, 0.1851192, 0.06396144, , 0.593879, , , , , , , , , , 2, 1
486, 0.1865364, 0.05596192, , 0.6498409, , , , , , , , , , 2, 1
487, 0.1877511, 0.04768006, , 0.697521, , , , , , , , , , 2, 1
488, 0.1887634, 0.03920998, , 0.7367309, , , , , , , , , , 2, 1
489, 0.1895421, 0.03064579, , 0.7673767, , , , , , , , , , 2, 1
490, 0.1900871, 0.02195611, , 0.7893329, , , , , , , , , , 2, 1
491, 0.190383, 0.01303115, , 0.802364, , , , , , , , , , 2, 1
492, 0.1905076, 0.004137568, , 0.8065016, , , , , , , , , , 2, 1
493, 0.1903363, -0.004708962, , 0.8017926, , , , , , , , , , 2, 1
494, 0.1899626, -0.01355549, , 0.7882371, , , , , , , , , , 2, 1
495, 0.1893708, -0.02244908, , 0.765788, , , , , , , , , , 2, 1
496, 0.1885298, -0.03115444, , 0.7346336, , , , , , , , , , 2, 1
497, 0.1874708, -0.03973432, , 0.6948993, , , , , , , , , , 2, 1
498, 0.1861938, -0.04823577, , 0.6466635, , , , , , , , , , 2, 1
499, 0.1847143, -0.056549, , 0.5901145, , , , , , , , , , 2, 1
500, 0.1830012, -0.06454852, , 0.525566, , , , , , , , , , 2, 1
501, 0.1811168, -0.07232845, , 0.4532375, , , , , , , , , , 2, 1
502, 0.17903, -0.07985741, , 0.3733801, , , , , , , , , , 2, 1
503, 0.1767407, -0.08708835, , 0.2862918, , , , , , , , , , 2, 1
504, 0.1742801, -0.09392716, , 0.1923646, , , , , , , , , , 2, 1
505, 0.171617, -0.1003738, , 0.09199078, , , , , , , , , , 2, 1
506, 0.1687515, -0.1064441, , -0.01445327, , , , , , , , , , 2, 1
507, 0.1658549, -0.1121849, , -0.1266382, , , , , , , , , , 2, 1
508, 0.1628025, -0.1174552, , -0.2440933, , , , , , , , , , 2, 1
509, 0.1596255, -0.1222078, , -0.3663011, , , , , , , , , , 2, 1
510, 0.1563239, -0.1264742, , -0.4927754, , , , , , , , , , 2, 1
511, 0.1529289, -0.1302701, , -0.6230454, , , , , , , , , , 2, 1
512, 0.149456, -0.1335483, , -0.7565938, , , , , , , , , , 2, 1
513, 0.1459053, -0.1362776, , -0.8928713, , , , , , , , , , 2, 1
514, 0.1422923, -0.1384735, , -1.031345, , , , , , , , , , 2, 1
515, 0.1385079, -0.1401518, , -1.171497, , , , , , , , , , 2, 1
516, 0.134817, -0.1412969, , -1.312793, , , , , , , , , , 2, 1
517, 0.1311728, -0.1418615, , -1.454655, , , , , , , , , , 2, 1
518, 0.1276532, -0.1418929, , -1.596548, , , , , , , , , , 2, 1
519, 0.1241025, -0.1413439, , -1.737892, , , , , , , , , , 2, 1
520, 0.1205829, -0.140246, , -1.878138, , , , , , , , , , 2, 1
521, 0.11711, -0.138599, , -2.016737, , , , , , , , , , 2, 1
522, 0.113715, -0.1364187, , -2.153156, , , , , , , , , , 2, 1
523, 0.1103667, -0.1336895, , -2.286845, , , , , , , , , , 2, 1
524, 0.1070029, -0.1304583, , -2.417303, , , , , , , , , , 2, 1
525, 0.1038726, -0.1267095, , -2.544013, , , , , , , , , , 2, 1
526, 0.1008513, -0.1224745, , -2.666487, , , , , , , , , , 2, 1
527, 0.09795469, -0.1177375, , -2.784225, , , , , , , , , , 2, 1
528, 0.09521376, -0.1125143, , -2.896739, , , , , , , , , , 2, 1
529, 0.09258185, -0.1067891, , -3.003528, , , , , , , , , , 2, 1
530, 0.09013682, -0.1007503, , -3.104279, , , , , , , , , , 2, 1
531, 0.08784753, -0.09430361, , -3.198582, , , , , , , , , , 2, 1
532, 0.08576069, -0.08751185, , -3.286094, , , , , , , , , , 2, 1
533, 0.08484185, -0.03026037, , -3.316354, 0.01, -0.03551738, 0.02288135, -0.05679445, -0.08186043, 0.01451767, -0.423805, 0.4240536, -88.03807, 2, 1
