Experiment:, 0%-SOC_NewMultiplexer_LastAttemptAgain
Start date:, Tuesday, June 18, 2024
Start time:, 11:55:19 PM +02:00
Time (s), Voltage (V), Current (A), Reverse I (A), Charge (C), Frequency (Hz), V' (V), V'' (V), A' (A), A'' (A), Z' (Ohm), Z'' (Ohm), | Z | (Ohm), Phase (Deg), V Range (), I Range ()
1, 0.3200312, -0.01093604, , -0.01093604, 100000, 0.001456343, 0.0008454857, 0.1019695, -0.05493286, 0.0076075, 0.01238986, 0.014539, 58.44965, 1, 1
1, 0.3200312, -0.01093604, , -0.01093604, 79432.82, 0.0006122986, 0.001121527, 0.1020075, 0.01662212, 0.007592444, 0.009757358, 0.0123633, 52.11262, 1, 1
1, 0.3200312, -0.01093604, , -0.01093604, 63095.73, 0.001018552, 8.188225e-05, 0.07183157, -0.06188179, 0.007575505, 0.007666101, 0.01077763, 45.34056, 1, 1
1, 0.3200312, -0.01093604, , -0.01093604, 50118.72, 0.0008011914, -0.0003256515, 0.04382696, -0.07768962, 0.007592998, 0.006029292, 0.009695668, 38.45167, 1, 1
2, 0.3212779, -0.001085649, , -0.01202169, 39810.71, 0.0007633815, 0.0001138276, 0.07867357, -0.03408429, 0.007641974, 0.004757619, 0.009001928, 31.90491, 1, 1
2, 0.3212779, -0.001085649, , -0.01202169, 31622.77, 0.0001027484, 0.0007103037, 0.04716881, 0.06914029, 0.007702354, 0.003768606, 0.008574885, 26.07157, 1, 1
2, 0.3212779, -0.001085649, , -0.01202169, 25118.86, -0.0005162718, -0.000448455, -0.07751256, -0.02780972, 0.007739933, 0.003008669, 0.008304135, 21.24211, 1, 1
2, 0.3212779, -0.001085649, , -0.01202169, 19952.62, 0.0003494981, 0.0005608458, 0.06179657, 0.05309349, 0.007739846, 0.002425869, 0.008111107, 17.40235, 1, 1
3, 0.3215896, 0.02674014, , 0.01471845, 15848.93, 0.0005361615, -0.0003606185, 0.0538484, -0.06041975, 0.007734107, 0.001981011, 0.007983784, 14.36685, 1, 1
3, 0.3215896, 0.02674014, , 0.01471845, 12589.25, 0.0005218152, -0.0003616151, 0.0552473, -0.05862284, 0.007709747, 0.001635413, 0.007881292, 11.97622, 1, 1
3, 0.3215896, 0.02674014, , 0.01471845, 9999.997, 0.0006000684, -0.000176158, 0.07192656, -0.03567344, 0.007670622, 0.001355264, 0.007789428, 10.01975, 1, 1
3, 0.3215896, 0.02674014, , 0.01471845, 7943.28, -0.0002674228, -0.0005567619, -0.04480938, -0.0664345, 0.007626229, 0.001118452, 0.007707808, 8.34344, 1, 1
4, 0.3214337, -0.0005209773, , 0.01419747, 6309.571, -0.0001452764, 0.0005928795, -0.009540933, 0.07944531, 0.007573122, 0.000919145, 0.007628696, 6.920106, 1, 1
4, 0.3214337, -0.0005209773, , 0.01419747, 5011.871, -0.0005221488, 0.0003028685, -0.06484752, 0.04670193, 0.007516843, 0.0007430136, 0.007553476, 5.645149, 1, 1
4, 0.3214337, -0.0005209773, , 0.01419747, 3981.07, 0.0005937999, -8.058464e-05, 0.07807273, -0.01683319, 0.007480524, 0.0005806944, 0.007503029, 4.438827, 1, 1
4, 0.3214337, -0.0005209773, , 0.01419747, 3162.276, 6.919896e-05, 0.0005927109, 0.01387799, 0.07861908, 0.00746188, 0.0004370051, 0.007474666, 3.351699, 1, 1
5, 0.3217454, 0.0006867936, , 0.01488426, 2511.885, 0.0005754703, 0.0001511207, 0.07796863, 0.01699094, 0.007449404, 0.0003148486, 0.007456054, 2.420162, 1, 1
5, 0.3217454, 0.0006867936, , 0.01488426, 1995.261, -0.0001261401, -0.0005815268, -0.01918383, -0.07745139, 0.007454353, 0.0002177224, 0.007457532, 1.672986, 1, 1
5, 0.3217454, 0.0006867936, , 0.01488426, 1584.892, -0.0004911943, 0.000336859, -0.06508296, 0.0461525, 0.007464093, 0.0001171979, 0.007465013, 0.8995588, 1, 1
5, 0.3217454, 0.0006867936, , 0.01488426, 1258.925, 0.0002148318, -0.0005548833, 0.02833724, -0.07455768, 0.00745987, 4.613365e-05, 0.007460013, 0.3543265, 1, 1
6, 0.3217454, 0.001690655, , 0.01657492, 999.9994, 0.0005032363, -0.0003222234, 0.06733479, -0.04276054, 0.007491429, -2.800671e-05, 0.007491482, -0.2141992, 1, 1
6, 0.3217454, 0.001690655, , 0.01657492, 794.3277, -0.0004890015, 0.0003458505, -0.06567915, 0.04527187, 0.007507827, -9.070153e-05, 0.007508375, -0.6921526, 1, 1
6, 0.3217454, 0.001690655, , 0.01657492, 630.9569, 0.0004063359, 0.0004430542, 0.05282743, 0.05974238, 0.007537049, -0.000136804, 0.00753829, -1.039854, 1, 1
6, 0.3217454, 0.001690655, , 0.01657492, 501.1869, -0.0005531447, 0.0002440366, -0.07370975, 0.03045108, 0.007578669, -0.0001798671, 0.007580803, -1.359565, 1, 1
6, 0.3217454, 0.001690655, , 0.01657492, 398.1069, -0.0003251471, 0.0005128543, -0.04478557, 0.06599529, 0.007609953, -0.0002374256, 0.007613656, -1.787011, 1, 1
6, 0.3217454, 0.001690655, , 0.01657492, 316.2275, 0.0001570518, -0.0005890736, 0.0233124, -0.07625592, 0.007640499, -0.0002762611, 0.007645492, -2.070768, 1, 1
7, 0.3217454, -0.0001445292, , 0.01643039, 251.1884, 0.0004774789, 0.000387136, 0.05976495, 0.05280711, 0.00770073, -0.0003265678, 0.007707651, -2.428309, 1, 1
7, 0.3217454, -0.0001445292, , 0.01643039, 199.5261, 0.000313138, 0.0005316022, 0.03720675, 0.07054903, 0.00772692, -0.0003634977, 0.007735466, -2.693381, 1, 1
7, 0.3217454, -0.0001445292, , 0.01643039, 158.4892, 0.0006213372, -2.978948e-05, 0.07973675, 0.0004838794, 0.007789803, -0.0004208701, 0.007801164, -3.092588, 1, 1
7, 0.3217454, -0.0001445292, , 0.01643039, 125.8924, -0.0002492562, -0.0005748477, -0.02715197, -0.07498541, 0.007841614, -0.0004846404, 0.007856576, -3.53659, 1, 1
7, 0.3217454, -0.0001445292, , 0.01643039, 99.99991, 3.874107e-05, -0.0006302081, 0.01042377, -0.07907539, 0.00789707, -0.0005510715, 0.007916274, -3.99173, 1, 1
7, 0.3217454, -0.0001445292, , 0.01643039, 79.43275, -0.0001698937, -0.0006132232, -0.01536292, -0.07823952, 0.007957344, -0.000608972, 0.007980612, -4.37629, 1, 1
7, 0.3217454, -0.0001445292, , 0.01643039, 63.09567, -0.0005584149, -0.0003160195, -0.0658126, -0.04501955, 0.008017823, -0.0006828383, 0.008046848, -4.867851, 1, 1
8, 0.3215896, -0.000505292, , 0.0159251, 50.11867, -0.0004041055, -0.0005090389, -0.04358238, -0.06678985, 0.008114467, -0.0007554704, 0.008149559, -5.319, 1, 1
8, 0.3215896, -0.000505292, , 0.0159251, 39.81068, 0.0004325408, 0.0004971254, 0.0459957, 0.06513521, 0.008221728, -0.0008348283, 0.008264003, -5.797901, 1, 1
8, 0.3215896, -0.000505292, , 0.0159251, 31.62274, 0.0005749828, 0.0003434154, 0.06356519, 0.04815599, 0.008347532, -0.0009213894, 0.008398229, -6.298734, 1, 1
8, 0.3215896, -0.000505292, , 0.0159251, 25.11884, 3.97673e-05, -0.0006793643, 0.01443115, -0.07843708, 0.008467904, -0.001050961, 0.008532873, -7.074866, 1, 1
8, 0.3215896, -0.000505292, , 0.0159251, 19.9526, 0.0006856845, 6.493134e-05, 0.07771954, 0.0177849, 0.008565213, -0.001124557, 0.008638721, -7.479784, 1, 1
8, 0.3215896, -0.000505292, , 0.0159251, 15.84891, 0.0007026423, -5.854286e-06, 0.0790439, 0.01048758, 0.008725829, -0.001231811, 0.008812347, -8.035256, 1, 1
9, 0.3215896, -0.003501191, , 0.0124239, 12.58924, 0.0003885639, -0.0006051519, 0.05319461, -0.05941918, 0.008903209, -0.001431169, 0.009017504, -9.132035, 1, 1
9, 0.3215896, -0.003501191, , 0.0124239, 9.999988, -0.0007208076, 0.0001082611, -0.07972947, -0.001468757, 0.009012596, -0.001523883, 0.00914052, -9.597015, 1, 1
9, 0.3215896, -0.003501191, , 0.0124239, 7.943272, 0.000738225, -0.0001325962, 0.07975683, 0.0001190989, 0.009253443, -0.001676323, 0.009404056, -10.26816, 1, 1
9, 0.3215896, -0.003501191, , 0.0124239, 6.309565, -0.0006025078, 0.0004723054, -0.0711357, 0.03608255, 0.009415208, -0.001863771, 0.009597906, -11.19713, 1, 1
9, 0.3215896, -0.003501191, , 0.0124239, 5.011866, -0.0001779733, -0.000766516, -0.001469476, -0.07973731, 0.00965087, -0.00205414, 0.009867056, -12.01581, 1, 1
10, 0.3215896, 0.003196447, , 0.01562035, 3.981066, 0.0007811342, -0.0001878335, 0.07975452, -0.0009155018, 0.009819972, -0.002242422, 0.01007275, -12.86312, 1, 1
10, 0.3215896, 0.003196447, , 0.01562035, 3.162273, 0.0004807076, 0.0006734579, 0.02910699, 0.07426724, 0.01005963, -0.002530081, 0.01037292, -14.11755, 1, 1
11, 0.3215896, -0.0003170678, , 0.01530328, 2.511883, -0.0003344352, 0.0007777575, -0.05035527, 0.06184296, 0.01021027, -0.002905837, 0.01061572, -15.88633, 1, 1
11, 0.3215896, -0.0003170678, , 0.01530328, 1.995259, -0.0008055888, 0.0003266896, -0.07954491, 0.005898267, 0.01037496, -0.003337678, 0.01089862, -17.83325, 1, 1
12, 0.3217454, 0.007996161, , 0.02329944, 1.584891, -0.0008816511, -0.0001627496, -0.06876451, -0.04042751, 0.01056208, -0.003842809, 0.01123942, -19.99295, 1, 1
13, 0.3217454, -0.001744434, , 0.02155501, 1.258924, -0.0007579988, -0.0005373107, -0.04210173, -0.06773943, 0.01073859, -0.00451562, 0.01164939, -22.80695, 1, 1
14, 0.3220571, 0.02115616, , 0.04271117, 0.999998, -0.0005321339, -0.0008172169, -0.009445161, -0.0792116, 0.01096206, -0.005410766, 0.0122247, -26.27049, 1, 1
15, 0.3215896, -0.00367373, , 0.03903744, 0.794327, -0.0003365731, -0.0009724161, 0.01523102, -0.07830139, 0.01116048, -0.006469345, 0.01289995, -30.09938, 1, 1
16, 0.3219012, -0.03855792, , 0.000479517, , , , , , , , , , 1, 1
17, 0.3228363, 0.0679612, , 0.06844072, 0.630956, -0.0001713732, -0.001089952, 0.03427928, -0.07201281, 0.01141597, -0.007813946, 0.01383409, -34.39067, 1, 1
18, 0.3214337, -0.07187357, , -0.00343285, , , , , , , , , , 1, 1
19, 0.3229921, 0.07964677, , 0.07621393, 0.501186, -2.387059e-05, -0.001194919, 0.04902991, -0.06292215, 0.01163209, -0.009443275, 0.01498269, -39.0707, 1, 1
20, 0.3223688, -0.05452559, , 0.02168833, , , , , , , , , , 1, 1
21, 0.3214337, 0.002631775, , 0.02432011, 0.398106, 8.09835e-05, -0.001312951, 0.05895724, -0.0537314, 0.01183735, -0.01148144, 0.01649079, -44.12558, 1, 1
22, 0.3242389, 0.07610188, , 0.100422, , , , , , , , , , 1, 1
23, 0.3222129, -0.08376306, , 0.01665894, , , , , , , , , , 1, 1
24, 0.3212779, -0.009791011, , 0.006867926, 0.316227, 0.0001310623, -0.001474037, 0.06490847, -0.04634626, 0.01207705, -0.01408615, 0.01855465, -49.39119, 1, 1
25, 0.3243947, 0.1003044, , 0.1071723, , , , , , , , , , 1, 1
26, 0.3245505, -0.01584555, , 0.09132674, , , , , , , , , , 1, 1
27, 0.3214337, -0.1011424, , -0.009815668, , , , , , , , , , 1, 1
28, 0.3214337, 0.01632507, , 0.006509406, , , , , , , , , , 1, 1
29, 0.3247064, 0.1053394, , 0.1118488, 0.251188, 0.0001532195, -0.001686975, 0.06898892, -0.0400482, 0.01227828, -0.01732528, 0.02123491, -54.67511, 1, 1
30, 0.3259531, 0.02812045, , 0.1399692, , , , , , , , , , 1, 1
31, 0.3237713, -0.08859414, , 0.05137507, , , , , , , , , , 1, 1
32, 0.3209662, -0.0840454, , -0.03267033, , , , , , , , , , 1, 1
33, 0.3215896, 0.03550824, , 0.002837916, , , , , , , , , , 1, 1
34, 0.3248622, 0.107849, , 0.1106869, 0.199526, 0.0001466558, -0.001973325, 0.07183681, -0.03467751, 0.01240996, -0.02147894, 0.02480629, -59.98183, 1, 1
35, 0.327044, 0.06383596, , 0.1745229, , , , , , , , , , 1, 1
36, 0.3259531, -0.03907553, , 0.1354474, , , , , , , , , , 1, 1
37, 0.323148, -0.1067734, , 0.0286739, , , , , , , , , , 1, 1
38, 0.3206545, -0.07750461, , -0.0488307, , , , , , , , , , 1, 1
39, 0.3208104, 0.02200317, , -0.02682754, , , , , , , , , , 1, 1
40, 0.3236155, 0.1008377, , 0.07401013, 0.158489, 0.0001177545, -0.002344902, 0.07376199, -0.03033037, 0.01254685, -0.02663094, 0.02943859, -64.77309, 1, 1
41, 0.3264206, 0.09991223, , 0.1739224, , , , , , , , , , 1, 1
42, 0.3275115, 0.03746891, , 0.2113913, , , , , , , , , , 1, 1
43, 0.3262648, -0.04754562, , 0.1638457, , , , , , , , , , 1, 1
44, 0.3233038, -0.1045775, , 0.05926815, , , , , , , , , , 1, 1
45, 0.3206545, -0.09984053, , -0.04057238, , , , , , , , , , 1, 1
46, 0.3195636, -0.03612669, , -0.07669906, , , , , , , , , , 1, 1
47, 0.3208104, 0.04876235, , -0.02793672, , , , , , , , , , 1, 1
48, 0.3236155, 0.1042414, , 0.07630467, 0.125892, 6.651473e-05, -0.002832733, 0.07519794, -0.02661548, 0.01263474, -0.03319843, 0.03552144, -69.16404, 1, 1
49, 0.3264206, 0.1055276, , 0.1818323, , , , , , , , , , 1, 1
50, 0.3282907, 0.06502804, , 0.2468603, , , , , , , , , , 1, 1
51, 0.3284466, -0.0005209773, , 0.2463393, , , , , , , , , , 1, 1
52, 0.3265765, -0.06605431, , 0.180285, , , , , , , , , , 1, 1
53, 0.3237713, -0.1065068, , 0.0737782, , , , , , , , , , 1, 1
54, 0.3209662, -0.1064911, , -0.03271291, , , , , , , , , , 1, 1
55, 0.319252, -0.06600726, , -0.09872016, , , , , , , , , , 1, 1
56, 0.319252, -0.0004739213, , -0.09919409, , , , , , , , , , 1, 1
57, 0.3209662, 0.06505942, , -0.03413467, , , , , , , , , , 1, 1
58, 0.3239272, 0.1053864, , 0.07125174, 0.1, 7.382692e-06, -0.003464327, 0.07630589, -0.02326187, 0.01275202, -0.04151306, 0.04342751, -72.92404, 1, 1
59, 0.3268882, 0.1095587, , 0.1808105, , , , , , , , , , 1, 1
60, 0.3292258, 0.08576406, , 0.2665745, , , , , , , , , , 1, 1
61, 0.3304725, 0.04095105, , 0.3075256, , , , , , , , , , 1, 1
62, 0.330005, -0.01402605, , 0.2934995, , , , , , , , , , 1, 1
63, 0.3284466, -0.06567787, , 0.2278216, , , , , , , , , , 1, 1
64, 0.3256414, -0.1013777, , 0.126444, , , , , , , , , , 1, 1
65, 0.3228363, -0.1125457, , 0.01389829, , , , , , , , , , 1, 1
66, 0.3203428, -0.09631132, , -0.08241303, , , , , , , , , , 1, 1
67, 0.3189403, -0.05675291, , -0.1391659, , , , , , , , , , 1, 1
68, 0.3189403, -0.003454135, , -0.1426201, , , , , , , , , , 1, 1
69, 0.320187, 0.05058185, , -0.09203823, , , , , , , , , , 1, 1
70, 0.3225246, 0.09214799, , 0.000109762, , , , , , , , , , 1, 1
71, 0.3254856, 0.1111116, , 0.1112213, 0.079433, -9.552128e-05, -0.004273044, 0.07697221, -0.02088759, 0.01287549, -0.05202016, 0.05358988, -76.09813, 1, 1
72, 0.3284466, 0.1081, , 0.2193213, , , , , , , , , , 1, 1
73, 0.3306284, 0.08822665, , 0.307548, , , , , , , , , , 1, 1
74, 0.3321868, 0.05456592, , 0.3621139, , , , , , , , , , 1, 1
75, 0.3324985, 0.01237237, , 0.3744863, , , , , , , , , , 1, 1
76, 0.3317192, -0.03184459, , 0.3426417, , , , , , , , , , 1, 1
77, 0.3298492, -0.07118342, , 0.2714582, , , , , , , , , , 1, 1
78, 0.3273557, -0.09949545, , 0.1719628, , , , , , , , , , 1, 1
79, 0.3242389, -0.1125457, , 0.05941714, , , , , , , , , , 1, 1
80, 0.3214337, -0.1081224, , -0.04870525, , , , , , , , , , 1, 1
81, 0.319252, -0.08708835, , -0.1357936, , , , , , , , , , 1, 1
82, 0.3180052, -0.0525963, , -0.1883899, , , , , , , , , , 1, 1
83, 0.3178494, -0.01002629, , -0.1984162, , , , , , , , , , 1, 1
84, 0.3186286, 0.03406519, , -0.164351, , , , , , , , , , 1, 1
85, 0.3206545, 0.07274523, , -0.09160577, , , , , , , , , , 1, 1
86, 0.323148, 0.1000534, , 0.008447634, 0.063096, -0.0002279298, -0.005307435, 0.07748499, -0.01895645, 0.01303559, -0.06530719, 0.06659546, -78.71187, 1, 1
87, 0.3259531, 0.1118017, , 0.1202493, , , , , , , , , , 1, 1
88, 0.3289141, 0.109794, , 0.2300434, , , , , , , , , , 1, 1
89, 0.3314076, 0.0969477, , 0.3269911, , , , , , , , , , 1, 1
90, 0.3334335, 0.07453335, , 0.4015244, , , , , , , , , , 1, 1
91, 0.3346802, 0.04476259, , 0.446287, , , , , , , , , , 1, 1
92, 0.3349919, 0.01050581, , 0.4567928, , , , , , , , , , 1, 1
93, 0.3343685, -0.02484894, , 0.4319439, , , , , , , , , , 1, 1
94, 0.332966, -0.05778814, , 0.3741557, , , , , , , , , , 1, 1
95, 0.3307842, -0.08509631, , 0.2890594, , , , , , , , , , 1, 1
96, 0.3281349, -0.1040128, , 0.1850466, , , , , , , , , , 1, 1
97, 0.3251739, -0.1128907, , 0.07215585, , , , , , , , , , 1, 1
98, 0.3222129, -0.1106007, , -0.03844481, , , , , , , , , , 1, 1
99, 0.3197195, -0.09753478, , -0.1359796, , , , , , , , , , 1, 1
100, 0.3178494, -0.07491653, , -0.2108961, , , , , , , , , , 1, 1
101, 0.3167585, -0.04498891, , -0.255885, , , , , , , , , , 1, 1
102, 0.3164468, -0.01066939, , -0.2665544, , , , , , , , , , 1, 1
103, 0.3170702, 0.02466967, , -0.2418848, , , , , , , , , , 1, 1
104, 0.3186286, 0.05749908, , -0.1843857, , , , , , , , , , 1, 1
105, 0.3209662, 0.08463471, , -0.09975096, , , , , , , , , , 1, 1
106, 0.3236155, 0.1033473, , 0.003596358, 0.050119, -0.0004014207, -0.006606758, 0.07784712, -0.01741928, 0.01317422, -0.08192047, 0.08297303, -80.86408, 1, 1
107, 0.3265765, 0.1118645, , 0.1154608, , , , , , , , , , 1, 1
108, 0.3296933, 0.111488, , 0.2269488, , , , , , , , , , 1, 1
109, 0.3323426, 0.1040532, , 0.331002, , , , , , , , , , 1, 1
110, 0.3345244, 0.09028143, , 0.4212834, , , , , , , , , , 1, 1
111, 0.3362386, 0.07072182, , 0.4920052, , , , , , , , , , 1, 1
112, 0.3376412, 0.04681737, , 0.5388226, , , , , , , , , , 1, 1
113, 0.3379529, 0.0199327, , 0.5587553, , , , , , , , , , 1, 1
114, 0.3376412, -0.008238163, , 0.5505171, , , , , , , , , , 1, 1
115, 0.3367062, -0.0359071, , 0.5146101, , , , , , , , , , 1, 1
116, 0.3353036, -0.06141146, , 0.4531986, , , , , , , , , , 1, 1
117, 0.3331218, -0.08308859, , 0.37011, , , , , , , , , , 1, 1
118, 0.3306284, -0.09957387, , 0.2705361, , , , , , , , , , 1, 1
119, 0.3278232, -0.1099419, , 0.1605943, , , , , , , , , , 1, 1
120, 0.3248622, -0.1135809, , 0.04701336, , , , , , , , , , 1, 1
121, 0.3222129, -0.1100046, , -0.06299126, , , , , , , , , , 1, 1
122, 0.3195636, -0.09974642, , -0.1627377, , , , , , , , , , 1, 1
123, 0.3175377, -0.08330818, , -0.2460459, , , , , , , , , , 1, 1
124, 0.3158234, -0.06169379, , -0.3077396, , , , , , , , , , 1, 1
125, 0.3148884, -0.03623649, , -0.3439761, , , , , , , , , , 1, 1
126, 0.3147326, -0.00858324, , -0.3525594, , , , , , , , , , 1, 1
127, 0.3153559, 0.01960331, , -0.3329561, , , , , , , , , , 1, 1
128, 0.3166026, 0.04650366, , -0.2864524, , , , , , , , , , 1, 1
129, 0.3186286, 0.07047085, , -0.2159816, , , , , , , , , , 1, 1
130, 0.3208104, 0.09007753, , -0.125904, , , , , , , , , , 1, 1
131, 0.3236155, 0.1039277, , -0.02197635, , , , , , , , , , 1, 1
132, 0.3265765, 0.1113155, , 0.08933911, 0.039811, -0.0006308992, -0.008257718, 0.07808238, -0.01626148, 0.0133653, -0.102973, 0.1038368, -82.60468, 1, 1
133, 0.3295375, 0.112586, , 0.2019251, , , , , , , , , , 1, 1
134, 0.3323426, 0.109245, , 0.3111701, , , , , , , , , , 1, 1
135, 0.3348361, 0.101669, , 0.4128391, , , , , , , , , , 1, 1
136, 0.3371737, 0.09014027, , 0.5029793, , , , , , , , , , 1, 1
137, 0.3391996, 0.07494117, , 0.5779206, , , , , , , , , , 1, 1
138, 0.3407581, 0.05685598, , 0.6347765, , , , , , , , , , 1, 1
139, 0.3416931, 0.03646505, , 0.6712416, , , , , , , , , , 1, 1
140, 0.3420048, 0.01463106, , 0.6858726, , , , , , , , , , 1, 1
141, 0.3418489, -0.007798973, , 0.6780736, , , , , , , , , , 1, 1
142, 0.3410697, -0.02996236, , 0.6481113, , , , , , , , , , 1, 1
143, 0.3396671, -0.05094934, , 0.5971619, , , , , , , , , , 1, 1
144, 0.337797, -0.0699129, , 0.527249, , , , , , , , , , 1, 1
145, 0.3356153, -0.08622566, , 0.4410234, , , , , , , , , , 1, 1
146, 0.332966, -0.09907195, , 0.3419514, , , , , , , , , , 1, 1
147, 0.3303167, -0.1080126, , 0.2339389, , , , , , , , , , 1, 1
148, 0.3273557, -0.1129221, , 0.1210167, , , , , , , , , , 1, 1
149, 0.3245505, -0.1132829, , 0.007733892, , , , , , , , , , 1, 1
150, 0.3215896, -0.1091106, , -0.1013767, , , , , , , , , , 1, 1
151, 0.3190961, -0.1007816, , -0.2021583, , , , , , , , , , 1, 1
152, 0.3169143, -0.0885314, , -0.2906897, , , , , , , , , , 1, 1
153, 0.3148884, -0.0727049, , -0.3633946, , , , , , , , , , 1, 1
154, 0.3136417, -0.05416483, , -0.4175594, , , , , , , , , , 1, 1
155, 0.3127066, -0.03341313, , -0.4509726, , , , , , , , , , 1, 1
156, 0.3123949, -0.0114066, , -0.4623792, , , , , , , , , , 1, 1
157, 0.3128625, 0.01103912, , -0.45134, , , , , , , , , , 1, 1
158, 0.3137975, 0.03306133, , -0.4182787, , , , , , , , , , 1, 1
159, 0.3150442, 0.0537346, , -0.3645441, , , , , , , , , , 1, 1
160, 0.3170702, 0.07221193, , -0.2923322, , , , , , , , , , 1, 1
161, 0.3195636, 0.08796, , -0.2043722, , , , , , , , , , 1, 1
162, 0.3222129, 0.1000848, , -0.1042874, , , , , , , , , , 1, 1
163, 0.3251739, 0.1083196, , 0.004032146, 0.031623, -0.000906947, -0.01033136, 0.07828988, -0.01527955, 0.01365029, -0.1292988, 0.1300173, -83.97351, 1, 1
164, 0.3279791, 0.1122252, , 0.1162574, , , , , , , , , , 1, 1
165, 0.33094, 0.112586, , 0.2288434, , , , , , , , , , 1, 1
166, 0.3337452, 0.1101077, , 0.3389511, , , , , , , , , , 1, 1
167, 0.3363945, 0.1048845, , 0.4438355, , , , , , , , , , 1, 1
168, 0.3388879, 0.09710456, , 0.5409401, , , , , , , , , , 1, 1
169, 0.3410697, 0.08690909, , 0.6278492, , , , , , , , , , 1, 1
170, 0.3429398, 0.07445493, , 0.7023041, , , , , , , , , , 1, 1
171, 0.3446541, 0.06022833, , 0.7625325, , , , , , , , , , 1, 1
172, 0.345745, 0.04444888, , 0.8069813, , , , , , , , , , 1, 1
173, 0.3462125, 0.02758715, , 0.8345685, , , , , , , , , , 1, 1
174, 0.3465242, 0.009925457, , 0.8444939, , , , , , , , , , 1, 1
175, 0.3463683, -0.007861715, , 0.8366322, , , , , , , , , , 1, 1
176, 0.3459008, -0.02558614, , 0.8110461, , , , , , , , , , 1, 1
177, 0.3448099, -0.04257337, , 0.7684727, , , , , , , , , , 1, 1
178, 0.3432515, -0.05863515, , 0.7098376, , , , , , , , , , 1, 1
179, 0.3415372, -0.07311271, , 0.6367248, , , , , , , , , , 1, 1
180, 0.3391996, -0.08591194, , 0.5508129, , , , , , , , , , 1, 1
181, 0.336862, -0.09649955, , 0.4543133, , , , , , , , , , 1, 1
182, 0.3340569, -0.1046873, , 0.3496261, , , , , , , , , , 1, 1
183, 0.3312517, -0.110334, , 0.239292, , , , , , , , , , 1, 1
184, 0.3281349, -0.1133456, , 0.1259464, , , , , , , , , , 1, 1
185, 0.3253298, -0.1134554, , 0.01249103, , , , , , , , , , 1, 1
186, 0.3223688, -0.1106634, , -0.09817238, , , , , , , , , , 1, 1
187, 0.3197195, -0.1052049, , -0.2033773, , , , , , , , , , 1, 1
188, 0.317226, -0.09722108, , -0.3005984, , , , , , , , , , 1, 1
189, 0.3150442, -0.0868217, , -0.3874201, , , , , , , , , , 1, 1
190, 0.31333, -0.07414795, , -0.461568, , , , , , , , , , 1, 1
191, 0.3117715, -0.05979586, , -0.5213639, , , , , , , , , , 1, 1
192, 0.3106807, -0.04385956, , -0.5652235, , , , , , , , , , 1, 1
193, 0.3099015, -0.0269194, , -0.5921428, , , , , , , , , , 1, 1
194, 0.3097456, -0.009226339, , -0.6013692, , , , , , , , , , 1, 1
195, 0.3099015, 0.008560833, , -0.5928084, , , , , , , , , , 1, 1
196, 0.3106807, 0.02626958, , -0.5665388, , , , , , , , , , 1, 1
197, 0.3117715, 0.04317837, , -0.5233604, , , , , , , , , , 1, 1
198, 0.31333, 0.05906761, , -0.4642928, , , , , , , , , , 1, 1
199, 0.3153559, 0.07341971, , -0.3908731, , , , , , , , , , 1, 1
200, 0.3176935, 0.08606208, , -0.304811, , , , , , , , , , 1, 1
201, 0.3200312, 0.0964144, , -0.2083966, , , , , , , , , , 1, 1
202, 0.3228363, 0.1043669, , -0.1040297, , , , , , , , , , 1, 1
203, 0.3257973, 0.1097783, , 0.005748576, 0.025119, -0.001242138, -0.01294875, 0.07846413, -0.01440554, 0.01399568, -0.1624581, 0.1630599, -85.07616, 1, 1
204, 0.3287583, 0.1123507, , 0.1180993, , , , , , , , , , 1, 1
205, 0.3317192, 0.1127585, , 0.2308578, , , , , , , , , , 1, 1
206, 0.3345244, 0.1113939, , 0.3422517, , , , , , , , , , 1, 1
207, 0.3373295, 0.1081784, , 0.4504301, , , , , , , , , , 1, 1
208, 0.3399788, 0.1033473, , 0.5537774, , , , , , , , , , 1, 1
209, 0.3424723, 0.09693202, , 0.6507095, , , , , , , , , , 1, 1
210, 0.3448099, 0.08901092, , 0.7397203, , , , , , , , , , 1, 1
211, 0.3468358, 0.07959972, , 0.8193201, , , , , , , , , , 1, 1
212, 0.3485501, 0.06890232, , 0.8882224, , , , , , , , , , 1, 1
213, 0.3501085, 0.05724812, , 0.9454705, , , , , , , , , , 1, 1
214, 0.3513553, 0.04457437, , 0.9900449, , , , , , , , , , 1, 1
215, 0.3519786, 0.03125751, , 1.021302, , , , , , , , , , 1, 1
216, 0.352602, 0.01742305, , 1.038725, , , , , , , , , , 1, 1
217, 0.352602, 0.003212133, , 1.041938, , , , , , , , , , 1, 1
218, 0.3522903, -0.01088898, , 1.031049, , , , , , , , , , 1, 1
219, 0.3516669, -0.0249901, , 1.006058, , , , , , , , , , 1, 1
220, 0.3507319, -0.03855792, , 0.9675006, , , , , , , , , , 1, 1
221, 0.3493293, -0.05165518, , 0.9158454, , , , , , , , , , 1, 1
222, 0.347615, -0.06387405, , 0.8519713, , , , , , , , , , 1, 1
223, 0.3455891, -0.0750577, , 0.7769136, , , , , , , , , , 1, 1
224, 0.3435632, -0.08520611, , 0.6917076, , , , , , , , , , 1, 1
225, 0.3410697, -0.09391147, , 0.5977961, , , , , , , , , , 1, 1
226, 0.3384204, -0.1011424, , 0.4966537, , , , , , , , , , 1, 1
227, 0.3357711, -0.1068048, , 0.3898489, , , , , , , , , , 1, 1
228, 0.3328101, -0.1108516, , 0.2789972, , , , , , , , , , 1, 1
229, 0.330005, -0.1132515, , 0.1657457, , , , , , , , , , 1, 1
230, 0.327044, -0.1137691, , 0.05197661, , , , , , , , , , 1, 1
231, 0.3242389, -0.1125143, , -0.06053767, , , , , , , , , , 1, 1
232, 0.3214337, -0.1093772, , -0.1699149, , , , , , , , , , 1, 1
233, 0.3187844, -0.1046873, , -0.2746022, , , , , , , , , , 1, 1
234, 0.316291, -0.09835042, , -0.3729526, , , , , , , , , , 1, 1
235, 0.314265, -0.09050775, , -0.4634604, , , , , , , , , , 1, 1
236, 0.3120832, -0.08117498, , -0.5446354, , , , , , , , , , 1, 1
237, 0.310369, -0.07057169, , -0.615207, , , , , , , , , , 1, 1
238, 0.3088106, -0.05898023, , -0.6741872, , , , , , , , , , 1, 1
239, 0.3077197, -0.04633784, , -0.7205251, , , , , , , , , , 1, 1
240, 0.3069405, -0.03303668, , -0.7535618, , , , , , , , , , 1, 1
241, 0.3063171, -0.0192179, , -0.7727796, , , , , , , , , , 1, 1
242, 0.3063171, -0.00508541, , -0.7778651, , , , , , , , , , 1, 1
243, 0.306473, 0.009062763, , -0.7688023, , , , , , , , , , 1, 1
244, 0.3070963, 0.02321094, , -0.7455914, , , , , , , , , , 1, 1
245, 0.3080314, 0.03679444, , -0.7087969, , , , , , , , , , 1, 1
246, 0.3092781, 0.04990738, , -0.6588895, , , , , , , , , , 1, 1
247, 0.3109924, 0.06217331, , -0.5967162, , , , , , , , , , 1, 1
248, 0.3130183, 0.07341971, , -0.5232965, , , , , , , , , , 1, 1
249, 0.3152001, 0.08367791, , -0.4396186, , , , , , , , , , 1, 1
250, 0.3178494, 0.09244601, , -0.3471726, , , , , , , , , , 1, 1
251, 0.3204987, 0.09978675, , -0.2473859, , , , , , , , , , 1, 1
252, 0.323148, 0.1055433, , -0.1418426, , , , , , , , , , 1, 1
253, 0.3257973, 0.1096999, , -0.03214273, 0.019953, -0.001679519, -0.01623784, 0.07855587, -0.01380507, 0.01449765, -0.2041565, 0.2046706, -85.93811, 1, 1
254, 0.3287583, 0.1120213, , 0.07987858, , , , , , , , , , 1, 1
255, 0.3315634, 0.1128213, , 0.1926998, , , , , , , , , , 1, 1
256, 0.3345244, 0.1124919, , 0.3051917, , , , , , , , , , 1, 1
257, 0.3374854, 0.1110175, , 0.4162092, , , , , , , , , , 1, 1
258, 0.3402905, 0.1083666, , 0.5245758, , , , , , , , , , 1, 1
259, 0.3429398, 0.1047747, , 0.6293505, , , , , , , , , , 1, 1
260, 0.3455891, 0.1001005, , 0.7294509, , , , , , , , , , 1, 1
261, 0.3479267, 0.09446942, , 0.8239204, , , , , , , , , , 1, 1
262, 0.3502643, 0.08788158, , 0.9118019, , , , , , , , , , 1, 1
263, 0.3524461, 0.08039968, , 0.9922016, , , , , , , , , , 1, 1
264, 0.3543162, 0.0720237, , 1.064225, , , , , , , , , , 1, 1
265, 0.3558747, 0.06305169, , 1.127277, , , , , , , , , , 1, 1
266, 0.3572772, 0.05346795, , 1.180745, , , , , , , , , , 1, 1
267, 0.3583681, 0.04322543, , 1.22397, , , , , , , , , , 1, 1
268, 0.3593031, 0.03265351, , 1.256624, , , , , , , , , , 1, 1
269, 0.3597707, 0.02178357, , 1.278407, , , , , , , , , , 1, 1
270, 0.3599265, 0.01050581, , 1.288913, , , , , , , , , , 1, 1
271, 0.3599265, -0.000740572, , 1.288173, , , , , , , , , , 1, 1
272, 0.3597707, -0.0119399, , 1.276233, , , , , , , , , , 1, 1
273, 0.3593031, -0.0231706, , 1.253062, , , , , , , , , , 1, 1
274, 0.3585239, -0.03404054, , 1.219022, , , , , , , , , , 1, 1
275, 0.3572772, -0.04461246, , 1.174409, , , , , , , , , , 1, 1
276, 0.3558747, -0.05485499, , 1.119554, , , , , , , , , , 1, 1
277, 0.3543162, -0.06442304, , 1.055131, , , , , , , , , , 1, 1
278, 0.3522903, -0.073348, , 0.9817832, , , , , , , , , , 1, 1
279, 0.3501085, -0.08166122, , 0.900122, , , , , , , , , , 1, 1
280, 0.3479267, -0.08912744, , 0.8109945, , , , , , , , , , 1, 1
281, 0.3455891, -0.09566823, , 0.7153263, , , , , , , , , , 1, 1
282, 0.3432515, -0.1012836, , 0.6140427, , , , , , , , , , 1, 1
283, 0.3404464, -0.1058951, , 0.5081477, , , , , , , , , , 1, 1
284, 0.3376412, -0.1094713, , 0.3986763, , , , , , , , , , 1, 1
285, 0.3346802, -0.1120751, , 0.2866012, , , , , , , , , , 1, 1
286, 0.3317192, -0.1135181, , 0.1730831, , , , , , , , , , 1, 1
287, 0.3287583, -0.1138005, , 0.05928261, , , , , , , , , , 1, 1
288, 0.3257973, -0.1129535, , -0.05367086, , , , , , , , , , 1, 1
289, 0.3229921, -0.1108987, , -0.1645695, , , , , , , , , , 1, 1
290, 0.3203428, -0.1078401, , -0.2724096, , , , , , , , , , 1, 1
291, 0.3176935, -0.1037619, , -0.3761715, , , , , , , , , , 1, 1
292, 0.3152001, -0.09864844, , -0.4748199, , , , , , , , , , 1, 1
293, 0.3128625, -0.09257822, , -0.5673981, , , , , , , , , , 1, 1
294, 0.3106807, -0.08559824, , -0.6529964, , , , , , , , , , 1, 1
295, 0.3088106, -0.07766146, , -0.7306578, , , , , , , , , , 1, 1
296, 0.3069405, -0.0690659, , -0.7997237, , , , , , , , , , 1, 1
297, 0.3053821, -0.05981155, , -0.8595353, , , , , , , , , , 1, 1
298, 0.3042912, -0.0499141, , -0.9094493, , , , , , , , , , 1, 1
299, 0.3032003, -0.03946767, , -0.948917, , , , , , , , , , 1, 1
300, 0.3025769, -0.02875458, , -0.9776716, , , , , , , , , , 1, 1
301, 0.3024211, -0.01768074, , -0.9953523, , , , , , , , , , 1, 1
302, 0.3022653, -0.006450035, , -1.001802, , , , , , , , , , 1, 1
303, 0.3024211, 0.004764981, , -0.9970374, , , , , , , , , , 1, 1
304, 0.3028886, 0.01607411, , -0.9809633, , , , , , , , , , 1, 1
305, 0.3036678, 0.02716364, , -0.9537997, , , , , , , , , , 1, 1
306, 0.3047587, 0.03789241, , -0.9159073, , , , , , , , , , 1, 1
307, 0.3058496, 0.04832316, , -0.8675841, , , , , , , , , , 1, 1
308, 0.307408, 0.05825198, , -0.8093321, , , , , , , , , , 1, 1
309, 0.3091223, 0.0675377, , -0.7417944, , , , , , , , , , 1, 1
310, 0.3111482, 0.076196, , -0.6655984, , , , , , , , , , 1, 1
311, 0.3131741, 0.08417984, , -0.5814186, , , , , , , , , , 1, 1
312, 0.3155118, 0.09122255, , -0.490196, , , , , , , , , , 1, 1
313, 0.3181611, 0.09733983, , -0.3928562, , , , , , , , , , 1, 1
314, 0.3209662, 0.102516, , -0.2903402, , , , , , , , , , 1, 1
315, 0.3237713, 0.1066569, , -0.1836832, , , , , , , , , , 1, 1
316, 0.3265765, 0.1098097, , -0.07387358, 0.015849, -0.002217375, -0.02037583, 0.07864585, -0.01330744, 0.01520888, -0.25651, 0.2569604, -86.60682, 1, 1
317, 0.3293816, 0.1118645, , 0.03799088, , , , , , , , , , 1, 1
318, 0.3323426, 0.1127742, , 0.1507651, , , , , , , , , , 1, 1
319, 0.3351477, 0.1126644, , 0.2634295, , , , , , , , , , 1, 1
320, 0.3381087, 0.1115664, , 0.3749959, , , , , , , , , , 1, 1
321, 0.3410697, 0.1093548, , 0.4843507, , , , , , , , , , 1, 1
322, 0.3438749, 0.1062648, , 0.5906155, , , , , , , , , , 1, 1
323, 0.3465242, 0.102265, , 0.6928806, , , , , , , , , , 1, 1
324, 0.3490176, 0.09735552, , 0.7902361, , , , , , , , , , 1, 1
325, 0.3511994, 0.09158331, , 0.8818194, , , , , , , , , , 1, 1
326, 0.353537, 0.08499547, , 0.9668149, , , , , , , , , , 1, 1
327, 0.3554071, 0.07754494, , 1.04436, , , , , , , , , , 1, 1
328, 0.3572772, 0.0694513, , 1.113811, , , , , , , , , , 1, 1
329, 0.3588356, 0.060793, , 1.174604, , , , , , , , , , 1, 1
330, 0.3600823, 0.0516014, , 1.226205, , , , , , , , , , 1, 1
331, 0.3613291, 0.04182943, , 1.268035, , , , , , , , , , 1, 1
332, 0.3619525, 0.0318065, , 1.299841, , , , , , , , , , 1, 1
333, 0.3625758, 0.02150123, , 1.321343, , , , , , , , , , 1, 1
334, 0.3627317, 0.01080384, , 1.332147, , , , , , , , , , 1, 1
335, 0.3625758, 0.0001691775, , 1.332316, , , , , , , , , , 1, 1
336, 0.3622641, -0.01043411, , 1.321882, , , , , , , , , , 1, 1
337, 0.3617966, -0.02110014, , 1.300781, , , , , , , , , , 1, 1
338, 0.3610174, -0.03146815, , 1.269313, , , , , , , , , , 1, 1
339, 0.3597707, -0.04153813, , 1.227775, , , , , , , , , , 1, 1
340, 0.3586798, -0.05137284, , 1.176402, , , , , , , , , , 1, 1
341, 0.3572772, -0.06067424, , 1.115728, , , , , , , , , , 1, 1
342, 0.3552513, -0.0693796, , 1.046348, , , , , , , , , , 1, 1
343, 0.3533812, -0.0775203, , 0.9688282, , , , , , , , , , 1, 1
344, 0.3513553, -0.08506494, , 0.8837633, , , , , , , , , , 1, 1
345, 0.3490176, -0.09176258, , 0.7920007, , , , , , , , , , 1, 1
346, 0.3463683, -0.09766027, , 0.6943404, , , , , , , , , , 1, 1
347, 0.343719, -0.1026639, , 0.5916765, , , , , , , , , , 1, 1
348, 0.3412256, -0.1067891, , 0.4848874, , , , , , , , , , 1, 1
349, 0.3384204, -0.1099733, , 0.3749141, , , , , , , , , , 1, 1
350, 0.3354594, -0.1123104, , 0.2626037, , , , , , , , , , 1, 1
351, 0.3326543, -0.1135652, , 0.1490385, , , , , , , , , , 1, 1
352, 0.3298492, -0.1138005, , 0.03523807, , , , , , , , , , 1, 1
353, 0.327044, -0.1130319, , -0.07779382, , , , , , , , , , 1, 1
354, 0.3242389, -0.1111653, , -0.1889592, , , , , , , , , , 1, 1
355, 0.3214337, -0.108389, , -0.2973482, , , , , , , , , , 1, 1
356, 0.3186286, -0.104703, , -0.4020512, , , , , , , , , , 1, 1
357, 0.3159793, -0.1000915, , -0.5021427, , , , , , , , , , 1, 1
358, 0.3136417, -0.09460162, , -0.5967443, , , , , , , , , , 1, 1
359, 0.3114599, -0.08826475, , -0.6850091, , , , , , , , , , 1, 1
360, 0.3092781, -0.08112793, , -0.766137, , , , , , , , , , 1, 1
361, 0.3075639, -0.07322252, , -0.8393595, , , , , , , , , , 1, 1
362, 0.3058496, -0.06476811, , -0.9041276, , , , , , , , , , 1, 1
363, 0.304447, -0.05574905, , -0.9598767, , , , , , , , , , 1, 1
364, 0.3032003, -0.04613394, , -1.006011, , , , , , , , , , 1, 1
365, 0.3024211, -0.03617375, , -1.042184, , , , , , , , , , 1, 1
366, 0.3017977, -0.02593122, , -1.068116, , , , , , , , , , 1, 1
367, 0.301486, -0.01537499, , -1.083491, , , , , , , , , , 1, 1
368, 0.3013302, -0.004756019, , -1.088247, , , , , , , , , , 1, 1
369, 0.301486, 0.005862955, , -1.082384, , , , , , , , , , 1, 1
370, 0.3019536, 0.01656035, , -1.065823, , , , , , , , , , 1, 1
371, 0.3027328, 0.02703816, , -1.038785, , , , , , , , , , 1, 1
372, 0.3036678, 0.03721794, , -1.001567, , , , , , , , , , 1, 1
373, 0.3050704, 0.04711539, , -0.9544518, , , , , , , , , , 1, 1
374, 0.306473, 0.05660502, , -0.8978468, , , , , , , , , , 1, 1
375, 0.3083431, 0.06551429, , -0.8323325, , , , , , , , , , 1, 1
376, 0.3102131, 0.07382751, , -0.758505, , , , , , , , , , 1, 1
377, 0.3123949, 0.08167018, , -0.6768348, , , , , , , , , , 1, 1
378, 0.3147326, 0.08861879, , -0.588216, , , , , , , , , , 1, 1
379, 0.3173819, 0.09478313, , -0.4934329, , , , , , , , , , 1, 1
380, 0.3200312, 0.1001005, , -0.3933324, , , , , , , , , , 1, 1
381, 0.3226804, 0.1045394, , -0.288793, , , , , , , , , , 1, 1
382, 0.3253298, 0.1080372, , -0.1807558, , , , , , , , , , 1, 1
383, 0.3281349, 0.09376357, , -0.0869922, 0.015, -0.00227578, -0.02152468, 0.07872487, -0.01290168, 0.01548448, -0.2708789, 0.2713212, -86.72831, 1, 1
