Experiment:, 0%-SOC_MovingClips
Start date:, Tuesday, June 18, 2024
Start time:, 6:25:39 PM +02:00
Time (s), Voltage (V), Current (A), Reverse I (A), Charge (C), Frequency (Hz), V' (V), V'' (V), A' (A), A'' (A), Z' (Ohm), Z'' (Ohm), | Z | (Ohm), Phase (Deg), V Range (), I Range ()
1, 0.1693745, 0.02065423, , 0.02065423, 100000, 0.0005914041, 0.001289681, 0.1224548, 0.0368937, 0.007336697, 0.008321466, 0.01109387, 48.59869, 2, 1
1, 0.1693745, 0.02065423, , 0.02065423, 79432.82, -0.000667755, -0.0009482691, -0.114227, -0.02759569, 0.007418449, 0.006509424, 0.009869447, 41.26579, 2, 1
1, 0.1693745, 0.02065423, , 0.02065423, 63095.73, -0.0005584504, 0.0008378283, 0.001023577, 0.1113764, 0.007475779, 0.005082784, 0.00904002, 34.21179, 2, 1
1, 0.1693745, 0.02065423, , 0.02065423, 50118.72, -8.902734e-05, 0.000910024, 0.04052855, 0.09926852, 0.007543714, 0.00397672, 0.008527715, 27.79626, 2, 1
2, 0.1706671, -0.0009601667, , 0.01969406, 39810.71, -0.0007343587, 0.000447417, -0.06185143, 0.08420643, 0.007612135, 0.003129657, 0.008230392, 22.34955, 2, 1
2, 0.1706671, -0.0009601667, , 0.01969406, 31622.77, -0.0008318928, 8.157498e-06, -0.09765417, 0.03253533, 0.007692695, 0.002479432, 0.008082396, 17.86465, 2, 1
2, 0.1706671, -0.0009601667, , 0.01969406, 25118.86, -0.0006632191, -0.0004719163, -0.09508783, -0.03652253, 0.007739284, 0.00199035, 0.007991121, 14.4225, 2, 1
2, 0.1706671, -0.0009601667, , 0.01969406, 19952.62, -0.0003774379, 0.0007053179, -0.02839877, 0.0970759, 0.007740609, 0.001623618, 0.007909056, 11.84624, 2, 1
3, 0.1706982, -0.001775804, , 0.01791826, 15848.93, 0.0007416516, -0.0002731721, 0.0871231, -0.05051026, 0.007731723, 0.001347051, 0.00784819, 9.883094, 2, 1
3, 0.1706982, -0.001775804, , 0.01791826, 12589.25, 0.0007607727, 0.0001825072, 0.09997895, 0.008967738, 0.007711027, 0.001133806, 0.007793937, 8.364661, 2, 1
3, 0.1706982, -0.001775804, , 0.01791826, 9999.997, -0.0006819676, -0.0003656751, -0.0934502, -0.03598721, 0.00766748, 0.0009603397, 0.007727386, 7.13903, 2, 1
3, 0.1706982, -0.001775804, , 0.01791826, 7943.28, -0.0005894934, 0.0004895734, -0.06976077, 0.0716548, 0.007619637, 0.000808623, 0.007662423, 6.057759, 2, 1
4, 0.1706359, -0.002214994, , 0.01570326, 6309.571, 0.0005016482, 0.0005687192, 0.07245351, 0.06877218, 0.00756161, 0.0006720289, 0.007591414, 5.078749, 2, 1
4, 0.1706359, -0.002214994, , 0.01570326, 5011.871, 0.000561966, 0.0004983174, 0.07927633, 0.06061213, 0.007506571, 0.0005465465, 0.007526441, 4.164305, 2, 1
4, 0.1706359, -0.002214994, , 0.01570326, 3981.07, -0.0005431732, 0.000512319, -0.06855289, 0.0724619, 0.007473167, 0.0004259618, 0.007485297, 3.262263, 2, 1
4, 0.1706359, -0.002214994, , 0.01570326, 3162.276, -0.000619761, -0.0004110122, -0.08540007, -0.05148853, 0.007450549, 0.0003207779, 0.007457451, 2.465305, 2, 1
5, 0.1706204, -0.0009915374, , 0.01471172, 2511.885, -0.000739597, -5.233433e-05, -0.0995934, -0.00408973, 0.007435205, 0.0002201587, 0.007438464, 1.69605, 2, 1
5, 0.1706204, -0.0009915374, , 0.01471172, 1995.261, 0.0003649854, 0.000646327, 0.05058118, 0.08588436, 0.007445788, 0.0001354305, 0.00744702, 1.042031, 2, 1
5, 0.1706204, -0.0009915374, , 0.01471172, 1584.892, 0.0005899107, -0.0004506118, 0.07867111, -0.06119174, 0.007447739, 6.518606e-05, 0.007448024, 0.5014664, 2, 1
5, 0.1706204, -0.0009915374, , 0.01471172, 1258.925, -0.000329085, 0.0006657808, -0.04419246, 0.08930102, 0.007453729, -3.511491e-06, 0.00745373, -0.02699234, 2, 1
6, 0.1706671, 0.004153253, , 0.01886498, 999.9994, -0.0005798585, 0.0004674335, -0.07810728, 0.06187342, 0.007474306, -6.366368e-05, 0.007474577, -0.4880149, 2, 1
6, 0.1706671, 0.004153253, , 0.01886498, 794.3277, 0.0004385303, -0.0006050376, 0.05975336, -0.07974578, 0.00749788, -0.000119044, 0.007498825, -0.9096098, 2, 1
6, 0.1706671, 0.004153253, , 0.01886498, 630.9569, -0.0006533301, -0.0003679548, -0.08572419, -0.05075734, 0.007524737, -0.0001630915, 0.007526504, -1.241637, 2, 1
6, 0.1706671, 0.004153253, , 0.01886498, 501.1869, 0.0006981743, -0.0002851109, 0.09324598, -0.03508328, 0.007566717, -0.0002106868, 0.007569649, -1.594925, 2, 1
6, 0.1706671, 0.004153253, , 0.01886498, 398.1069, 0.0003614865, -0.0006656246, 0.05035462, -0.08597881, 0.007597961, -0.0002454788, 0.007601925, -1.850498, 2, 1
6, 0.1706671, 0.004153253, , 0.01886498, 316.2275, -0.0004978646, 0.0005745261, -0.06802908, 0.07277676, 0.007625783, -0.0002873229, 0.007631194, -2.157759, 2, 1
7, 0.1706515, -0.000787628, , 0.01807735, 251.1884, -0.0006249636, -0.0004412527, -0.07887758, -0.06086178, 0.007672009, -0.0003255599, 0.007678913, -2.429875, 2, 1
7, 0.1706515, -0.000787628, , 0.01807735, 199.5261, -0.0004355708, -0.0006352959, -0.05221577, -0.08485923, 0.00772136, -0.0003817382, 0.007730791, -2.830355, 2, 1
7, 0.1706515, -0.000787628, , 0.01807735, 158.4892, -0.0007682852, 0.0001048297, -0.09930477, 0.007825864, 0.007771566, -0.0004431864, 0.007784192, -3.263852, 2, 1
7, 0.1706515, -0.000787628, , 0.01807735, 125.8924, 0.0003827875, 0.0006810178, 0.04336099, 0.08969896, 0.007826316, -0.0004841823, 0.007841279, -3.540145, 2, 1
7, 0.1706515, -0.000787628, , 0.01807735, 99.99991, 2.235781e-05, 0.0007863385, -0.004028035, 0.09956025, 0.007876139, -0.0005432206, 0.00789485, -3.945465, 2, 1
7, 0.1706515, -0.000787628, , 0.01807735, 79.43275, 0.0002853925, 0.0007400759, 0.02854657, 0.09542982, 0.007939349, -0.000615649, 0.007963183, -4.434071, 2, 1
7, 0.1706515, -0.000787628, , 0.01807735, 63.09567, 0.0007354672, 0.0003194024, 0.08765844, 0.04731866, 0.008020069, -0.000685576, 0.008049319, -4.885912, 2, 1
8, 0.1706359, -0.0007248867, , 0.01735246, 50.11867, 0.0005578398, 0.0005891281, 0.06145649, 0.07842027, 0.008107726, -0.0007595928, 0.00814323, -5.352277, 2, 1
8, 0.1706359, -0.0007248867, , 0.01735246, 39.81068, -0.0005953936, -0.0005673112, -0.06474824, -0.07570469, 0.00821268, -0.0008405956, 0.008255587, -5.844066, 2, 1
8, 0.1706359, -0.0007248867, , 0.01735246, 31.62274, -0.0007532501, -0.00036034, -0.0845299, -0.05272232, 0.008329527, -0.000932357, 0.008381545, -6.386759, 2, 1
8, 0.1706359, -0.0007248867, , 0.01735246, 25.11884, 2.576379e-05, 0.0008473857, -0.009080362, 0.09922033, 0.008445943, -0.001032611, 0.008508833, -6.970457, 2, 1
8, 0.1706359, -0.0007248867, , 0.01735246, 19.9526, -0.0008609765, -1.317918e-06, -0.09870569, -0.01333394, 0.008568111, -0.001144095, 0.008644159, -7.605685, 2, 1
8, 0.1706359, -0.0007248867, , 0.01735246, 15.84891, -0.0008709902, 8.760833e-05, -0.09950697, -0.004557558, 0.008694494, -0.001278644, 0.008788012, -8.366157, 2, 1
9, 0.1706826, 0.003353301, , 0.02070576, 12.58924, -0.0004153493, 0.0007954187, -0.05932797, 0.08003723, 0.008896536, -0.001405148, 0.009006819, -8.975337, 2, 1
9, 0.1706826, 0.003353301, , 0.02070576, 9.999988, 0.0008878921, -0.0002142868, 0.09936752, -0.007049166, 0.00904291, -0.001515, 0.009168939, -9.510697, 2, 1
9, 0.1706826, 0.003353301, , 0.02070576, 7.943272, -0.0009023825, 0.0002503184, -0.09920468, 0.00926733, 0.00925115, -0.001659044, 0.009398735, -10.167, 2, 1
9, 0.1706826, 0.003353301, , 0.02070576, 6.309565, 0.0006974626, -0.0006540348, 0.08444916, -0.05288773, 0.009416123, -0.001847708, 0.009595697, -11.10198, 2, 1
9, 0.1706826, 0.003353301, , 0.02070576, 5.011866, 0.0003081615, 0.0009327239, 0.01078812, 0.09904139, 0.009642032, -0.00206118, 0.009859881, -12.06652, 2, 1
10, 0.1706515, -0.004599165, , 0.0161066, 3.981066, -0.0009475027, 0.0003235387, -0.09913456, 0.01009142, 0.009788535, -0.002267206, 0.01004767, -13.04081, 2, 1
10, 0.1706515, -0.004599165, , 0.0161066, 3.162273, -0.0006742791, -0.0007819007, -0.04448209, -0.08916757, 0.01004214, -0.002552316, 0.01036141, -14.26039, 2, 1
11, 0.1707761, 0.0002005482, , 0.01630715, 2.511883, 0.000326696, -0.001004074, 0.05564838, -0.08263976, 0.010191, -0.002909211, 0.01059811, -15.93239, 2, 1
11, 0.1707761, 0.0002005482, , 0.01630715, 1.995259, 0.0009629517, -0.0004985965, 0.09830265, -0.01633308, 0.01035271, -0.003351943, 0.01088183, -17.94062, 2, 1
12, 0.1703867, -0.0131163, , 0.003190844, 1.584891, 0.001116343, 0.0001005988, 0.09011994, 0.04252198, 0.01056247, -0.003867497, 0.01124826, -20.11043, 2, 1
13, 0.1704335, 0.0004985696, , 0.003689413, 1.258924, 0.001011405, 0.0005836361, 0.06000276, 0.0795369, 0.01079013, -0.004576078, 0.01172038, -22.98173, 2, 1
14, 0.1700597, -0.0269194, , -0.02322999, 0.999998, 0.0007636718, 0.0009605623, 0.02067968, 0.09748207, 0.0110197, -0.005496271, 0.01231434, -26.50853, 2, 1
15, 0.1706359, 0.007086411, , -0.01614358, 0.794327, 0.0005446925, 0.001180856, -0.01012948, 0.09912687, 0.01123376, -0.006642847, 0.01305086, -30.59705, 2, 1
16, 0.1702621, 0.04306857, , 0.02692499, , , , , , , , , , 2, 1
17, 0.1691097, -0.08462575, , -0.05770076, 0.630956, 0.0003524306, 0.00134623, -0.03455201, 0.09345086, 0.01144658, -0.008003489, 0.01396711, -34.96138, 2, 1
18, 0.1707761, 0.08730122, , 0.02960046, , , , , , , , , , 2, 1
19, 0.1689228, -0.09786417, , -0.06826372, 0.501186, 0.0001824795, 0.001505493, -0.05386695, 0.08383296, 0.01172053, -0.00970774, 0.01521877, -39.63387, 2, 1
20, 0.1693433, 0.05952249, , -0.008741223, , , , , , , , , , 2, 1
21, 0.1710408, 0.00490615, , -0.003835073, 0.398106, 6.134198e-05, 0.001670421, -0.06732334, 0.07347025, 0.01194288, -0.0117786, 0.01677402, -44.60321, 2, 1
22, 0.1672721, -0.1020051, , -0.1058402, , , , , , , , , , 2, 1
23, 0.1696704, 0.09796725, , -0.007872923, , , , , , , , , , 2, 1
24, 0.1714457, 0.02137575, , 0.01350283, , , , , , , , , , 2, 1
25, 0.1674433, -0.1274781, , -0.1139753, 0.316227, 1.904136e-05, 0.001879702, -0.0755558, 0.06494599, 0.01215317, -0.01443175, 0.0188673, -49.89881, 2, 1
26, 0.1669917, 0.007556971, , -0.1064183, , , , , , , , , , 2, 1
27, 0.1709162, 0.1264361, , 0.02001784, , , , , , , , , , 2, 1
28, 0.1713367, -0.01046548, , 0.009552355, 0.251188, 1.906555e-05, 0.002153595, -0.08133588, 0.05757571, 0.01233011, -0.01774961, 0.02161204, -55.21346, 2, 1
29, 0.1673188, -0.1326542, , -0.1231019, , , , , , , , , , 2, 1
30, 0.1655434, -0.04732602, , -0.1704279, , , , , , , , , , 2, 1
31, 0.1682843, 0.1026101, , -0.06781781, , , , , , , , , , 2, 1
32, 0.1718818, 0.1106253, , 0.04280752, , , , , , , , , , 2, 1
33, 0.1712589, -0.03430719, , 0.008500322, , , , , , , , , , 2, 1
34, 0.1673188, -0.1344894, , -0.1259891, 0.199526, 5.804472e-05, 0.002519462, -0.08547991, 0.05121763, 0.01249531, -0.02198741, 0.0252899, -60.39069, 2, 1
35, 0.1645467, -0.09020974, , -0.2161988, , , , , , , , , , 2, 1
36, 0.1653721, 0.03626114, , -0.1799377, , , , , , , , , , 2, 1
37, 0.1690007, 0.1291183, , -0.05081939, , , , , , , , , , 2, 1
38, 0.1722555, 0.1037865, , 0.05296713, , , , , , , , , , 2, 1
39, 0.1720375, -0.0167553, , 0.03621183, , , , , , , , , , 2, 1
40, 0.1685958, -0.1219412, , -0.08572935, 0.158489, 0.0001444425, 0.002994204, -0.08836354, 0.04602325, 0.01259685, -0.02732412, 0.03008801, -65.24955, 2, 1
41, 0.1648893, -0.1304426, , -0.216172, , , , , , , , , , 2, 1
42, 0.1630984, -0.0592155, , -0.2753875, , , , , , , , , , 2, 1
43, 0.164282, 0.04694285, , -0.2284446, , , , , , , , , , 2, 1
44, 0.1677393, 0.1248833, , -0.1035613, , , , , , , , , , 2, 1
45, 0.1714457, 0.1283811, , 0.0248198, , , , , , , , , , 2, 1
46, 0.1732055, 0.05541293, , 0.08023272, , , , , , , , , , 2, 1
47, 0.1719129, -0.05082385, , 0.02940887, , , , , , , , , , 2, 1
48, 0.1683622, -0.1267095, , -0.09730063, 0.125892, 0.0002645748, 0.003617171, -0.09056351, 0.04156711, 0.0127291, -0.03409827, 0.03639673, -69.52908, 2, 1
49, 0.1645778, -0.1361521, , -0.2334527, , , , , , , , , , 2, 1
50, 0.1620082, -0.09202923, , -0.3254819, , , , , , , , , , 2, 1
51, 0.1615877, -0.01286534, , -0.3383473, , , , , , , , , , 2, 1
52, 0.1634721, 0.07101984, , -0.2673274, , , , , , , , , , 2, 1
53, 0.1669606, 0.1275498, , -0.1397777, , , , , , , , , , 2, 1
54, 0.1707294, 0.1351415, , -0.004636162, , , , , , , , , , 2, 1
55, 0.1733768, 0.09100296, , 0.0863668, , , , , , , , , , 2, 1
56, 0.1738129, 0.01185475, , 0.09822155, , , , , , , , , , 2, 1
57, 0.1718974, -0.07203043, , 0.02619112, , , , , , , , , , 2, 1
58, 0.168331, -0.128231, , -0.1020399, 0.1, 0.0004136639, 0.004418597, -0.0923159, 0.03751413, 0.01284774, -0.04264298, 0.04453637, -73.23318, 2, 1
59, 0.1645467, -0.139744, , -0.2417839, , , , , , , , , , 2, 1
60, 0.1614009, -0.1157925, , -0.3575764, , , , , , , , , , 2, 1
61, 0.1596566, -0.06367014, , -0.4212466, , , , , , , , , , 2, 1
62, 0.1597501, 0.003902287, , -0.4173443, , , , , , , , , , 2, 1
63, 0.1616189, 0.07039243, , -0.3469518, , , , , , , , , , 2, 1
64, 0.1648582, 0.1195346, , -0.2274172, , , , , , , , , , 2, 1
65, 0.1686425, 0.1393608, , -0.0880564, , , , , , , , , , 2, 1
66, 0.1721621, 0.1251813, , 0.0371249, , , , , , , , , , 2, 1
67, 0.1743735, 0.08027419, , 0.1173991, , , , , , , , , , 2, 1
68, 0.1748563, 0.0156506, , 0.1330497, , , , , , , , , , 2, 1
69, 0.1734859, -0.05295706, , 0.08009264, , , , , , , , , , 2, 1
70, 0.1704958, -0.1087184, , -0.02862578, , , , , , , , , , 2, 1
71, 0.1667426, -0.1375951, , -0.1662209, 0.079433, 0.0006363444, 0.005444757, -0.09341805, 0.03462899, 0.01300616, -0.05346255, 0.05502185, -76.32692, 2, 1
72, 0.1630205, -0.1388656, , -0.3050866, , , , , , , , , , 2, 1
73, 0.1598591, -0.1186002, , -0.4236867, , , , , , , , , , 2, 1
74, 0.1577255, -0.07998289, , -0.5036696, , , , , , , , , , 2, 1
75, 0.1569469, -0.02900555, , -0.5326752, , , , , , , , , , 2, 1
76, 0.1576632, 0.02639506, , -0.5062801, , , , , , , , , , 2, 1
77, 0.1597345, 0.07760768, , -0.4286724, , , , , , , , , , 2, 1
78, 0.1628959, 0.1166799, , -0.3119926, , , , , , , , , , 2, 1
79, 0.1665868, 0.1375257, , -0.1744669, , , , , , , , , , 2, 1
80, 0.1703244, 0.1370237, , -0.03744319, , , , , , , , , , 2, 1
81, 0.173517, 0.1152368, , 0.07779361, , , , , , , , , , 2, 1
82, 0.1755571, 0.07544311, , 0.1532367, , , , , , , , , , 2, 1
83, 0.1762268, 0.02383835, , 0.1770751, , , , , , , , , , 2, 1
84, 0.175417, -0.03154657, , 0.1455285, , , , , , , , , , 2, 1
85, 0.1732522, -0.08210041, , 0.06342808, , , , , , , , , , 2, 1
86, 0.1699663, -0.1199805, , -0.05655242, 0.063096, 0.0009265388, 0.006751384, -0.09426552, 0.03228684, 0.01315819, -0.06711411, 0.06839183, -78.90746, 2, 1
87, 0.1662442, -0.1388186, , -0.195371, , , , , , , , , , 2, 1
88, 0.1625222, -0.1403087, , -0.3356797, , , , , , , , , , 2, 1
89, 0.159096, -0.1280898, , -0.4637695, , , , , , , , , , 2, 1
90, 0.1563862, -0.1032756, , -0.5670452, , , , , , , , , , 2, 1
91, 0.1545953, -0.06837574, , -0.6354209, , , , , , , , , , 2, 1
92, 0.1538789, -0.02673117, , -0.6621521, , , , , , , , , , 2, 1
93, 0.1543461, 0.01745442, , -0.6446977, , , , , , , , , , 2, 1
94, 0.1559657, 0.05986757, , -0.58483, , , , , , , , , , 2, 1
95, 0.1585354, 0.09635165, , -0.4884784, , , , , , , , , , 2, 1
96, 0.1618369, 0.1232991, , -0.3651794, , , , , , , , , , 2, 1
97, 0.1655434, 0.1379962, , -0.2271831, , , , , , , , , , 2, 1
98, 0.1692343, 0.1391413, , -0.08804186, , , , , , , , , , 2, 1
99, 0.1727539, 0.1266244, , 0.0385825, , , , , , , , , , 2, 1
100, 0.1754792, 0.1015278, , 0.1401103, , , , , , , , , , 2, 1
101, 0.1772391, 0.06640835, , 0.2065187, , , , , , , , , , 2, 1
102, 0.1779243, 0.02468536, , 0.231204, , , , , , , , , , 2, 1
103, 0.1774103, -0.01951592, , 0.2116881, , , , , , , , , , 2, 1
104, 0.1757907, -0.06185064, , 0.1498375, , , , , , , , , , 2, 1
105, 0.1732055, -0.09813082, , 0.05170664, , , , , , , , , , 2, 1
106, 0.1697794, -0.1248273, , -0.07312064, 0.050119, 0.001295627, 0.00840112, -0.09489956, 0.03039695, 0.01333487, -0.08425519, 0.0853039, -81.00653, 2, 1
107, 0.1660885, -0.1387715, , -0.2118922, , , , , , , , , , 2, 1
108, 0.1623353, -0.1414381, , -0.3533302, , , , , , , , , , 2, 1
109, 0.1587845, -0.1353521, , -0.4886823, , , , , , , , , , 2, 1
110, 0.1556075, -0.1209216, , -0.6096039, , , , , , , , , , 2, 1
111, 0.1530068, -0.09888373, , -0.7084877, , , , , , , , , , 2, 1
112, 0.151138, -0.07079129, , -0.779279, , , , , , , , , , 2, 1
113, 0.1501568, -0.03829127, , -0.8175703, , , , , , , , , , 2, 1
114, 0.1500946, -0.00343845, , -0.8210087, , , , , , , , , , 2, 1
115, 0.1509667, 0.03164965, , -0.789359, , , , , , , , , , 2, 1
116, 0.1526953, 0.06465159, , -0.7247074, , , , , , , , , , 2, 1
117, 0.1552026, 0.0936381, , -0.6310694, , , , , , , , , , 2, 1
118, 0.1583173, 0.1167426, , -0.5143268, , , , , , , , , , 2, 1
119, 0.1618369, 0.1325064, , -0.3818204, , , , , , , , , , 2, 1
120, 0.1655746, 0.1400039, , -0.2418164, , , , , , , , , , 2, 1
121, 0.1692499, 0.1387962, , -0.1030203, , , , , , , , , , 2, 1
122, 0.172785, 0.1289458, , 0.02592554, , , , , , , , , , 2, 1
123, 0.175744, 0.1110175, , 0.136943, , , , , , , , , , 2, 1
124, 0.1780177, 0.08614051, , 0.2230835, , , , , , , , , , 2, 1
125, 0.1795128, 0.05585212, , 0.2789356, , , , , , , , , , 2, 1
126, 0.180089, 0.02205022, , 0.3009858, , , , , , , , , , 2, 1
127, 0.1797308, -0.01316336, , 0.2878225, , , , , , , , , , 2, 1
128, 0.1784849, -0.04757699, , 0.2402455, , , , , , , , , , 2, 1
129, 0.1763981, -0.07905746, , 0.1611881, , , , , , , , , , 2, 1
130, 0.1736104, -0.1056284, , 0.05555962, , , , , , , , , , 2, 1
131, 0.1702154, -0.12569, , -0.07013033, , , , , , , , , , 2, 1
132, 0.1665557, -0.1375638, , -0.2076941, 0.039811, 0.00173981, 0.01048479, -0.09540624, 0.02870027, 0.01359327, -0.1058071, 0.1066767, -82.67919, 2, 1
133, 0.1628492, -0.1416106, , -0.3493046, , , , , , , , , , 2, 1
134, 0.1591427, -0.140042, , -0.4893467, , , , , , , , , , 2, 1
135, 0.1556387, -0.1329836, , -0.6223303, , , , , , , , , , 2, 1
136, 0.1524929, -0.1207648, , -0.7430951, , , , , , , , , , 2, 1
137, 0.1497675, -0.1036678, , -0.8467628, , , , , , , , , , 2, 1
138, 0.1476184, -0.08263372, , -0.9293966, , , , , , , , , , 2, 1
139, 0.1461078, -0.05833713, , -0.9877337, , , , , , , , , , 2, 1
140, 0.1453135, -0.03171911, , -1.019453, , , , , , , , , , 2, 1
141, 0.1452356, -0.003893325, , -1.023346, , , , , , , , , , 2, 1
142, 0.1459209, 0.024105, , -0.9992411, , , , , , , , , , 2, 1
143, 0.1472758, 0.05106809, , -0.948173, , , , , , , , , , 2, 1
144, 0.1493159, 0.07600778, , -0.8721653, , , , , , , , , , 2, 1
145, 0.1519478, 0.09793588, , -0.7742294, , , , , , , , , , 2, 1
146, 0.1550158, 0.1160368, , -0.6581926, , , , , , , , , , 2, 1
147, 0.1584575, 0.1294791, , -0.5287135, , , , , , , , , , 2, 1
148, 0.1621172, 0.1377923, , -0.3909212, , , , , , , , , , 2, 1
149, 0.1658393, 0.1407098, , -0.2502114, , , , , , , , , , 2, 1
150, 0.1694991, 0.1380903, , -0.1121211, , , , , , , , , , 2, 1
151, 0.1730654, 0.1300438, , 0.01792268, , , , , , , , , , 2, 1
152, 0.1761333, 0.1168524, , 0.1347751, , , , , , , , , , 2, 1
153, 0.1787653, 0.09897111, , 0.2337462, , , , , , , , , , 2, 1
154, 0.1808054, 0.07721554, , 0.3109617, , , , , , , , , , 2, 1
155, 0.1821758, 0.05241703, , 0.3633788, , , , , , , , , , 2, 1
156, 0.1828455, 0.02553236, , 0.3889111, , , , , , , , , , 2, 1
157, 0.1827676, -0.002450274, , 0.3864608, , , , , , , , , , 2, 1
158, 0.181989, -0.03030743, , 0.3561534, , , , , , , , , , 2, 1
159, 0.1804783, -0.05700387, , 0.2991495, , , , , , , , , , 2, 1
160, 0.1783292, -0.08145732, , 0.2176922, , , , , , , , , , 2, 1
161, 0.175635, -0.1026639, , 0.1150283, , , , , , , , , , 2, 1
162, 0.1724424, -0.1199648, , -0.004936473, , , , , , , , , , 2, 1
163, 0.1688761, -0.132466, , -0.1374025, 0.031623, 0.002324002, 0.01312342, -0.09576942, 0.02749848, 0.01393094, -0.1330314, 0.1337588, -84.02182, 2, 1
164, 0.1652008, -0.1393362, , -0.2767387, , , , , , , , , , 2, 1
165, 0.1614476, -0.1417517, , -0.4184904, , , , , , , , , , 2, 1
166, 0.1577567, -0.1406695, , -0.5591599, , , , , , , , , , 2, 1
167, 0.1542215, -0.1361207, , -0.6952806, , , , , , , , , , 2, 1
168, 0.1508421, -0.128231, , -0.8235116, , , , , , , , , , 2, 1
169, 0.1478053, -0.1171571, , -0.9406688, , , , , , , , , , 2, 1
170, 0.1451266, -0.1030874, , -1.043756, , , , , , , , , , 2, 1
171, 0.1428996, -0.08657073, , -1.130327, , , , , , , , , , 2, 1
172, 0.1411242, -0.06785813, , -1.198185, , , , , , , , , , 2, 1
173, 0.1398472, -0.04748287, , -1.245668, , , , , , , , , , 2, 1
174, 0.139162, -0.02594691, , -1.271615, , , , , , , , , , 2, 1
175, 0.1390686, -0.003736471, , -1.275351, , , , , , , , , , 2, 1
176, 0.1396292, 0.01855239, , -1.256799, , , , , , , , , , 2, 1
177, 0.1408439, 0.04030795, , -1.216491, , , , , , , , , , 2, 1
178, 0.1424792, 0.06109103, , -1.1554, , , , , , , , , , 2, 1
179, 0.1446438, 0.08033694, , -1.075063, , , , , , , , , , 2, 1
180, 0.1472602, 0.09754375, , -0.9775192, , , , , , , , , , 2, 1
181, 0.1502347, 0.1123507, , -0.8651685, , , , , , , , , , 2, 1
182, 0.1535518, 0.1243343, , -0.7408342, , , , , , , , , , 2, 1
183, 0.1570715, 0.1331651, , -0.6076691, , , , , , , , , , 2, 1
184, 0.1607624, 0.1387021, , -0.468967, , , , , , , , , , 2, 1
185, 0.1644844, 0.1407882, , -0.3281788, , , , , , , , , , 2, 1
186, 0.1681597, 0.1393765, , -0.1888022, , , , , , , , , , 2, 1
187, 0.1718039, 0.1345141, , -0.05428815, , , , , , , , , , 2, 1
188, 0.1751522, 0.126295, , 0.07200682, , , , , , , , , , 2, 1
189, 0.1781579, 0.1149231, , 0.1869299, , , , , , , , , , 2, 1
190, 0.1808209, 0.1006024, , 0.2875323, , , , , , , , , , 2, 1
191, 0.1830168, 0.08386613, , 0.3713984, , , , , , , , , , 2, 1
192, 0.1847143, 0.0649653, , 0.4363637, , , , , , , , , , 2, 1
193, 0.1858823, 0.04446457, , 0.4808283, , , , , , , , , , 2, 1
194, 0.186443, 0.02286586, , 0.5036942, , , , , , , , , , 2, 1
195, 0.186443, 0.0005926816, , 0.5042868, , , , , , , , , , 2, 1
196, 0.1858667, -0.02164913, , 0.4826377, , , , , , , , , , 2, 1
197, 0.1847143, -0.04334195, , 0.4392958, , , , , , , , , , 2, 1
198, 0.1830168, -0.06401522, , 0.3752806, , , , , , , , , , 2, 1
199, 0.1808365, -0.08308859, , 0.292192, , , , , , , , , , 2, 1
200, 0.1782046, -0.1000601, , 0.1921318, , , , , , , , , , 2, 1
201, 0.1751834, -0.1146318, , 0.07750004, , , , , , , , , , 2, 1
202, 0.1718506, -0.1263174, , -0.04881733, , , , , , , , , , 2, 1
203, 0.168222, -0.1348345, , -0.1836518, 0.025119, 0.003033767, 0.01643725, -0.09608179, 0.02642701, 0.01439035, -0.1671176, 0.167736, -85.07845, 2, 1
204, 0.1645311, -0.1396185, , -0.3232704, , , , , , , , , , 2, 1
205, 0.1608402, -0.1416733, , -0.4649437, , , , , , , , , , 2, 1
206, 0.1571182, -0.1415322, , -0.6064759, , , , , , , , , , 2, 1
207, 0.153474, -0.1391793, , -0.7456552, , , , , , , , , , 2, 1
208, 0.1499544, -0.134662, , -0.8803172, , , , , , , , , , 2, 1
209, 0.1466217, -0.1280584, , -1.008376, , , , , , , , , , 2, 1
210, 0.143507, -0.1194629, , -1.127838, , , , , , , , , , 2, 1
211, 0.1406571, -0.1089066, , -1.236745, , , , , , , , , , 2, 1
212, 0.1380563, -0.09671915, , -1.333464, , , , , , , , , , 2, 1
213, 0.1359227, -0.08302585, , -1.41649, , , , , , , , , , 2, 1
214, 0.1341785, -0.06798361, , -1.484474, , , , , , , , , , 2, 1
215, 0.1328548, -0.05195319, , -1.536427, , , , , , , , , , 2, 1
216, 0.1319671, -0.03501303, , -1.57144, , , , , , , , , , 2, 1
217, 0.1315466, -0.01761799, , -1.589058, , , , , , , , , , 2, 1
218, 0.1316089, 7.506553e-05, , -1.588983, , , , , , , , , , 2, 1
219, 0.1321228, 0.01779949, , -1.571183, , , , , , , , , , 2, 1
220, 0.1330884, 0.03517885, , -1.536005, , , , , , , , , , 2, 1
221, 0.1345055, 0.0520249, , -1.48398, , , , , , , , , , 2, 1
222, 0.1363276, 0.06799258, , -1.415987, , , , , , , , , , 2, 1
223, 0.1385546, 0.08297206, , -1.333015, , , , , , , , , , 2, 1
224, 0.1412488, 0.09655557, , -1.236459, , , , , , , , , , 2, 1
225, 0.1441299, 0.108649, , -1.127811, , , , , , , , , , 2, 1
226, 0.1473069, 0.1190797, , -1.008731, , , , , , , , , , 2, 1
227, 0.1506708, 0.1275498, , -0.8811811, , , , , , , , , , 2, 1
228, 0.1542215, 0.1340121, , -0.7471689, , , , , , , , , , 2, 1
229, 0.1578813, 0.1383884, , -0.6087806, , , , , , , , , , 2, 1
230, 0.1615877, 0.1405843, , -0.4681962, , , , , , , , , , 2, 1
231, 0.1652942, 0.1405686, , -0.3276276, , , , , , , , , , 2, 1
232, 0.1689228, 0.138357, , -0.1892706, , , , , , , , , , 2, 1
233, 0.172567, 0.1339651, , -0.0553055, , , , , , , , , , 2, 1
234, 0.1759153, 0.1274714, , 0.07216587, , , , , , , , , , 2, 1
235, 0.17903, 0.1189856, , 0.1911515, , , , , , , , , , 2, 1
236, 0.1818799, 0.1085549, , 0.2997063, , , , , , , , , , 2, 1
237, 0.1844028, 0.09646146, , 0.3961678, , , , , , , , , , 2, 1
238, 0.1865675, 0.08286227, , 0.47903, , , , , , , , , , 2, 1
239, 0.1883273, 0.0678514, , 0.5468814, , , , , , , , , , 2, 1
240, 0.1896822, 0.05189942, , 0.5987809, , , , , , , , , , 2, 1
241, 0.1905543, 0.03503768, , 0.6338186, , , , , , , , , , 2, 1
242, 0.1909748, 0.01764264, , 0.6514612, , , , , , , , , , 2, 1
243, 0.1909904, -9.747315e-05, , 0.6513637, , , , , , , , , , 2, 1
244, 0.1905076, -0.01775916, , 0.6336046, , , , , , , , , , 2, 1
245, 0.1895576, -0.03518557, , 0.598419, , , , , , , , , , 2, 1
246, 0.1881872, -0.05209436, , 0.5463246, , , , , , , , , , 2, 1
247, 0.1863807, -0.0681091, , 0.4782155, , , , , , , , , , 2, 1
248, 0.1841692, -0.08315133, , 0.3950642, , , , , , , , , , 2, 1
249, 0.1816463, -0.09682894, , 0.2982353, , , , , , , , , , 2, 1
250, 0.1787808, -0.1090008, , 0.1892345, , , , , , , , , , 2, 1
251, 0.1756506, -0.119557, , 0.06967749, , , , , , , , , , 2, 1
252, 0.1722711, -0.1281212, , -0.05844368, , , , , , , , , , 2, 1
253, 0.1686581, -0.134709, , -0.1931527, 0.019953, 0.003963431, 0.02060693, -0.0962617, 0.02569355, 0.01490344, -0.210094, 0.210622, -85.94241, 2, 1
254, 0.1650295, -0.1388813, , -0.3320341, , , , , , , , , , 2, 1
255, 0.161323, -0.1410773, , -0.4731113, , , , , , , , , , 2, 1
256, 0.1576165, -0.1419086, , -0.6150199, , , , , , , , , , 2, 1
257, 0.1539256, -0.1413282, , -0.7563481, , , , , , , , , , 2, 1
258, 0.150297, -0.1393676, , -0.8957157, , , , , , , , , , 2, 1
259, 0.1467307, -0.1360266, , -1.031742, , , , , , , , , , 2, 1
260, 0.1433201, -0.1313524, , -1.163095, , , , , , , , , , 2, 1
261, 0.1400185, -0.1254076, , -1.288502, , , , , , , , , , 2, 1
262, 0.1368883, -0.1182237, , -1.406726, , , , , , , , , , 2, 1
263, 0.1340539, -0.1097693, , -1.516495, , , , , , , , , , 2, 1
264, 0.1314687, -0.1002954, , -1.616791, , , , , , , , , , 2, 1
265, 0.1291483, -0.08988034, , -1.706671, , , , , , , , , , 2, 1
266, 0.1271237, -0.07849278, , -1.785164, , , , , , , , , , 2, 1
267, 0.1254262, -0.06636802, , -1.851532, , , , , , , , , , 2, 1
268, 0.1240713, -0.05364721, , -1.905179, , , , , , , , , , 2, 1
269, 0.1230746, -0.04026762, , -1.945447, , , , , , , , , , 2, 1
270, 0.122405, -0.02662138, , -1.972068, , , , , , , , , , 2, 1
271, 0.1221091, -0.01261437, , -1.984683, , , , , , , , , , 2, 1
272, 0.1222025, 0.001408319, , -1.983274, , , , , , , , , , 2, 1
273, 0.1226697, 0.01550944, , -1.967765, , , , , , , , , , 2, 1
274, 0.1235418, 0.02942233, , -1.938342, , , , , , , , , , 2, 1
275, 0.1247254, 0.04299015, , -1.895352, , , , , , , , , , 2, 1
276, 0.1262361, 0.0561972, , -1.839155, , , , , , , , , , 2, 1
277, 0.1280893, 0.06874546, , -1.77041, , , , , , , , , , 2, 1
278, 0.1302384, 0.08071338, , -1.689696, , , , , , , , , , 2, 1
279, 0.1326834, 0.09183428, , -1.597862, , , , , , , , , , 2, 1
280, 0.1353621, 0.101967, , -1.495895, , , , , , , , , , 2, 1
281, 0.138321, 0.1112057, , -1.384689, , , , , , , , , , 2, 1
282, 0.1416226, 0.1192993, , -1.26539, , , , , , , , , , 2, 1
283, 0.145002, 0.1261695, , -1.13922, , , , , , , , , , 2, 1
284, 0.1484749, 0.1317692, , -1.007451, , , , , , , , , , 2, 1
285, 0.1520412, 0.1360669, , -0.8713844, , , , , , , , , , 2, 1
286, 0.155701, 0.1390315, , -0.7323529, , , , , , , , , , 2, 1
287, 0.1594075, 0.1406, , -0.5917529, , , , , , , , , , 2, 1
288, 0.1630984, 0.1407725, , -0.4509804, , , , , , , , , , 2, 1
289, 0.1667737, 0.1395804, , -0.3114, , , , , , , , , , 2, 1
290, 0.1704335, 0.1369924, , -0.1744076, , , , , , , , , , 2, 1
291, 0.1739842, 0.1330553, , -0.04135226, , , , , , , , , , 2, 1
292, 0.1773169, 0.1278008, , 0.08644851, , , , , , , , , , 2, 1
293, 0.1804939, 0.1212757, , 0.2077242, , , , , , , , , , 2, 1
294, 0.1834684, 0.1135271, , 0.3212513, , , , , , , , , , 2, 1
295, 0.1861782, 0.1045551, , 0.4258063, , , , , , , , , , 2, 1
296, 0.1886388, 0.09467333, , 0.5204797, , , , , , , , , , 2, 1
297, 0.1908191, 0.08383476, , 0.6043144, , , , , , , , , , 2, 1
298, 0.1926568, 0.07203939, , 0.6763538, , , , , , , , , , 2, 1
299, 0.1942141, 0.05967934, , 0.7360332, , , , , , , , , , 2, 1
300, 0.1954288, 0.04662914, , 0.7826623, , , , , , , , , , 2, 1
301, 0.1962698, 0.03313975, , 0.8158021, , , , , , , , , , 2, 1
302, 0.1967526, 0.01932097, , 0.8351231, , , , , , , , , , 2, 1
303, 0.1968616, 0.005219856, , 0.8403429, , , , , , , , , , 2, 1
304, 0.1966124, -0.008802835, , 0.83154, , , , , , , , , , 2, 1
305, 0.1959895, -0.02287258, , 0.8086675, , , , , , , , , , 2, 1
306, 0.1950239, -0.03659725, , 0.7720702, , , , , , , , , , 2, 1
307, 0.193669, -0.05005527, , 0.722015, , , , , , , , , , 2, 1
308, 0.1920182, -0.06297999, , 0.659035, , , , , , , , , , 2, 1
309, 0.1900404, -0.07524592, , 0.5837891, , , , , , , , , , 2, 1
310, 0.1877667, -0.08688445, , 0.4969046, , , , , , , , , , 2, 1
311, 0.1851971, -0.09753478, , 0.3993698, , , , , , , , , , 2, 1
312, 0.1823783, -0.1072597, , 0.2921101, , , , , , , , , , 2, 1
313, 0.1793415, -0.1160435, , 0.1760666, , , , , , , , , , 2, 1
314, 0.1761178, -0.1235724, , 0.05249419, , , , , , , , , , 2, 1
315, 0.1727072, -0.1298623, , -0.07736807, , , , , , , , , , 2, 1
316, 0.1690474, -0.1348816, , -0.2122496, 0.015849, 0.005104656, 0.0258609, -0.09642923, 0.02508058, 0.01575082, -0.2640886, 0.2645579, -86.5868, 2, 1
317, 0.1654344, -0.1383794, , -0.350629, , , , , , , , , , 2, 1
318, 0.161759, -0.1404342, , -0.4910632, , , , , , , , , , 2, 1
319, 0.1580682, -0.1416263, , -0.6326895, , , , , , , , , , 2, 1
320, 0.1543928, -0.1419243, , -0.7746137, , , , , , , , , , 2, 1
321, 0.1507019, -0.1413439, , -0.9159577, , , , , , , , , , 2, 1
322, 0.1470577, -0.1398852, , -1.055843, , , , , , , , , , 2, 1
323, 0.1434914, -0.1375638, , -1.193407, , , , , , , , , , 2, 1
324, 0.1399251, -0.1343796, , -1.327786, , , , , , , , , , 2, 1
325, 0.1364678, -0.1303642, , -1.458151, , , , , , , , , , 2, 1
326, 0.1332129, -0.1255488, , -1.583699, , , , , , , , , , 2, 1
327, 0.1301138, -0.1199491, , -1.703648, , , , , , , , , , 2, 1
328, 0.127186, -0.1135809, , -1.817229, , , , , , , , , , 2, 1
329, 0.1244295, -0.1064127, , -1.923642, , , , , , , , , , 2, 1
330, 0.1218911, -0.09871118, , -2.022353, , , , , , , , , , 2, 1
331, 0.1195706, -0.09039796, , -2.112751, , , , , , , , , , 2, 1
332, 0.1174993, -0.08147299, , -2.194224, , , , , , , , , , 2, 1
333, 0.1156617, -0.07201474, , -2.266239, , , , , , , , , , 2, 1
334, 0.1140732, -0.06219572, , -2.328434, , , , , , , , , , 2, 1
335, 0.1127806, -0.05196888, , -2.380404, , , , , , , , , , 2, 1
336, 0.1117527, -0.04130286, , -2.421706, , , , , , , , , , 2, 1
337, 0.1109897, -0.03051134, , -2.452218, , , , , , , , , , 2, 1
338, 0.1105224, -0.01948455, , -2.471702, , , , , , , , , , 2, 1
339, 0.1103823, -0.008300904, , -2.480003, , , , , , , , , , 2, 1
340, 0.1105224, 0.00282, , -2.477183, , , , , , , , , , 2, 1
341, 0.1109274, 0.01401933, , -2.463164, , , , , , , , , , 2, 1
342, 0.1116437, 0.0251716, , -2.437992, , , , , , , , , , 2, 1
343, 0.1126404, 0.03602586, , -2.401966, , , , , , , , , , 2, 1
344, 0.1139175, 0.04670757, , -2.355259, , , , , , , , , , 2, 1
345, 0.1154748, 0.05713832, , -2.29812, , , , , , , , , , 2, 1
346, 0.1172813, 0.06711419, , -2.231006, , , , , , , , , , 2, 1
347, 0.119337, 0.07672931, , -2.154277, , , , , , , , , , 2, 1
348, 0.1216107, 0.08590522, , -2.068372, , , , , , , , , , 2, 1
349, 0.1241492, 0.09446942, , -1.973902, , , , , , , , , , 2, 1
350, 0.126859, 0.1024062, , -1.871496, , , , , , , , , , 2, 1
351, 0.1297556, 0.1097783, , -1.761718, , , , , , , , , , 2, 1
352, 0.1328548, 0.1164916, , -1.645226, , , , , , , , , , 2, 1
353, 0.136094, 0.1223893, , -1.522837, , , , , , , , , , 2, 1
354, 0.1395046, 0.1275184, , -1.395318, , , , , , , , , , 2, 1
355, 0.1430865, 0.1318633, , -1.263455, , , , , , , , , , 2, 1
356, 0.1466684, 0.1353611, , -1.128094, , , , , , , , , , 2, 1
357, 0.1502814, 0.1380433, , -0.9900507, , , , , , , , , , 2, 1
358, 0.1539568, 0.1398471, , -0.8502036, , , , , , , , , , 2, 1
359, 0.1576632, 0.1407882, , -0.7094154, , , , , , , , , , 2, 1
360, 0.1613541, 0.1408353, , -0.5685802, , , , , , , , , , 2, 1
361, 0.1650451, 0.1399883, , -0.4285919, , , , , , , , , , 2, 1
362, 0.1686892, 0.1383099, , -0.290282, , , , , , , , , , 2, 1
363, 0.172349, 0.1357375, , -0.1545444, , , , , , , , , , 2, 1
364, 0.1758219, 0.1323181, , -0.02222631, , , , , , , , , , 2, 1
365, 0.1791546, 0.1280674, , 0.1058411, , , , , , , , , , 2, 1
366, 0.1823471, 0.1230324, , 0.2288735, , , , , , , , , , 2, 1
367, 0.1853684, 0.1172132, , 0.3460867, , , , , , , , , , 2, 1
368, 0.1882495, 0.1106096, , 0.4566963, , , , , , , , , , 2, 1
369, 0.1909281, 0.1033003, , 0.5599965, , , , , , , , , , 2, 1
370, 0.1933731, 0.09542622, , 0.6554228, , , , , , , , , , 2, 1
371, 0.1956469, 0.08694046, , 0.7423633, , , , , , , , , , 2, 1
372, 0.1976558, 0.07782727, , 0.8201905, , , , , , , , , , 2, 1
373, 0.1994156, 0.06825922, , 0.8884497, , , , , , , , , , 2, 1
374, 0.2009107, 0.05833041, , 0.9467801, , , , , , , , , , 2, 1
375, 0.2021098, 0.04796239, , 0.9947426, , , , , , , , , , 2, 1
376, 0.2031065, 0.03728069, , 1.032023, , , , , , , , , , 2, 1
377, 0.2038229, 0.02642643, , 1.05845, , , , , , , , , , 2, 1
378, 0.2041811, 0.0153369, , 1.073787, , , , , , , , , , 2, 1
379, 0.2042745, 0.004121883, , 1.077908, , , , , , , , , , 2, 1
380, 0.2040877, -0.007014707, , 1.070894, , , , , , , , , , 2, 1
381, 0.2035737, -0.01819835, , 1.052695, , , , , , , , , , 2, 1
382, 0.2026861, -0.02924083, , 1.023455, , , , , , , , , , 2, 1
383, 0.2016115, -0.04004803, , 0.9834065, , , , , , , , , , 2, 1
384, 0.2002722, -0.05072974, , 0.9326768, , , , , , , , , , 2, 1
385, 0.1986681, -0.06101932, , 0.8716575, , , , , , , , , , 2, 1
386, 0.1968149, -0.0708854, , 0.8007721, , , , , , , , , , 2, 1
387, 0.1946969, -0.0804064, , 0.7203657, , , , , , , , , , 2, 1
388, 0.1923297, -0.08939409, , 0.6309716, , , , , , , , , , 2, 1
389, 0.1897601, -0.09778575, , 0.5331858, , , , , , , , , , 2, 1
390, 0.186988, -0.10555, , 0.4276358, , , , , , , , , , 2, 1
391, 0.1840291, -0.1127809, , 0.3148549, , , , , , , , , , 2, 1
392, 0.18093, -0.119259, , 0.1955959, , , , , , , , , , 2, 1
393, 0.1776595, -0.1249371, , 0.07065887, , , , , , , , , , 2, 1
394, 0.1742645, -0.1298466, , -0.0591877, , , , , , , , , , 2, 1
395, 0.1707138, -0.1339561, , -0.1931438, , , , , , , , , , 2, 1
396, 0.1671007, -0.1372187, , -0.3303625, , , , , , , , , , 2, 1
397, 0.163441, -0.1396499, , -0.4700124, , , , , , , , , , 2, 1
398, 0.1597345, -0.1412184, , -0.6112309, , , , , , , , , , 2, 1
399, 0.1560436, -0.1418929, , -0.7531238, , , , , , , , , , 2, 1
400, 0.1523527, -0.1417047, , -0.8948285, , , , , , , , , , 2, 1
401, 0.1487085, -0.1406224, , -1.035451, , , , , , , , , , 2, 1
402, 0.1450955, -0.1386617, , -1.174113, , , , , , , , , , 2, 1
403, 0.1415759, -0.1358384, , -1.309951, , , , , , , , , , 2, 1
404, 0.1380096, -0.1322151, , -1.442166, , , , , , , , , , 2, 1
405, 0.1346924, -0.1277447, , -1.569911, , , , , , , , , , 2, 1
406, 0.1315154, -0.1225058, , -1.692417, , , , , , , , , , 2, 1
407, 0.1285253, -0.116467, , -1.808884, , , , , , , , , , 2, 1
408, 0.125691, -0.1095968, , -1.91848, , , , , , , , , , 2, 1
409, 0.1230591, -0.1021463, , -2.020627, , , , , , , , , , 2, 1
410, 0.1206452, -0.09409969, , -2.114726, , , , , , , , , , 2, 1
411, 0.1184493, -0.08547276, , -2.200199, , , , , , , , , , 2, 1
412, 0.1165182, -0.07654781, , -2.276747, 0.012589, -0.02865701, 0.01658215, -0.0541249, -0.08367179, 0.01647454, -0.3318362, 0.3322449, -87.15779, 2, 1
413, 0.1147584, -0.06878357, , -2.345531, , , , , , , , , , 2, 1
414, 0.1132167, -0.06090952, , -2.40644, , , , , , , , , , 2, 1
415, 0.1118773, -0.05278452, , -2.459224, , , , , , , , , , 2, 1
416, 0.1107716, -0.04429875, , -2.503523, , , , , , , , , , 2, 1
417, 0.1098995, -0.0357973, , -2.539321, , , , , , , , , , 2, 1
418, 0.1092299, -0.02717036, , -2.566491, , , , , , , , , , 2, 1
419, 0.1087159, -0.01837089, , -2.584862, , , , , , , , , , 2, 1
420, 0.1085135, -0.009477304, , -2.594339, , , , , , , , , , 2, 1
421, 0.1085446, -0.00064646, , -2.594986, , , , , , , , , , 2, 1
422, 0.1088405, 0.00820007, , -2.586786, , , , , , , , , , 2, 1
423, 0.1094323, 0.0171564, , -2.569629, , , , , , , , , , 2, 1
424, 0.1101643, 0.02594018, , -2.543689, , , , , , , , , , 2, 1
425, 0.1111142, 0.0345828, , -2.509106, , , , , , , , , , 2, 1
426, 0.1122978, 0.04308426, , -2.466022, , , , , , , , , , 2, 1
427, 0.1136994, 0.05155434, , -2.414468, , , , , , , , , , 2, 1
428, 0.1152879, 0.05966366, , -2.354804, , , , , , , , , , 2, 1
429, 0.11711, 0.0675377, , -2.287266, , , , , , , , , , 2, 1
430, 0.1191346, 0.07517646, , -2.21209, , , , , , , , , , 2, 1
431, 0.121346, 0.08262699, , -2.129463, , , , , , , , , , 2, 1
432, 0.1237287, 0.08962265, , -2.03984, , , , , , , , , , 2, 1
433, 0.1262828, 0.09627324, , -1.943567, , , , , , , , , , 2, 1
434, 0.1290081, 0.1025474, , -1.84102, , , , , , , , , , 2, 1
435, 0.1318736, 0.1084294, , -1.73259, , , , , , , , , , 2, 1
436, 0.1348949, 0.1139506, , -1.61864, , , , , , , , , , 2, 1
437, 0.1380096, 0.1189229, , -1.499717, , , , , , , , , , 2, 1
438, 0.1414202, 0.1234402, , -1.376276, , , , , , , , , , 2, 1
439, 0.144784, 0.1274714, , -1.248805, , , , , , , , , , 2, 1
440, 0.1482413, 0.1309849, , -1.11782, , , , , , , , , , 2, 1
441, 0.1517609, 0.1339808, , -0.9838394, , , , , , , , , , 2, 1
442, 0.1553584, 0.1364591, , -0.8473803, , , , , , , , , , 2, 1
443, 0.1590026, 0.138404, , -0.7089763, , , , , , , , , , 2, 1
444, 0.1626467, 0.1397687, , -0.5692076, , , , , , , , , , 2, 1
445, 0.1663377, 0.1406314, , -0.4285763, , , , , , , , , , 2, 1
446, 0.1700286, 0.1409294, , -0.2876469, , , , , , , , , , 2, 1
447, 0.1738285, 0.1406471, , -0.1469998, , , , , , , , , , 2, 1
448, 0.1774415, 0.1398157, , -0.007184091, , , , , , , , , , 2, 1
449, 0.181039, 0.1384354, , 0.1312513, , , , , , , , , , 2, 1
450, 0.1846053, 0.1365218, , 0.2677731, , , , , , , , , , 2, 1
451, 0.1881093, 0.1340592, , 0.4018323, , , , , , , , , , 2, 1
452, 0.1915199, 0.1310633, , 0.5328957, , , , , , , , , , 2, 1
453, 0.194837, 0.1275498, , 0.6604455, , , , , , , , , , 2, 1
454, 0.1980607, 0.12355, , 0.7839954, , , , , , , , , , 2, 1
455, 0.2011287, 0.1190483, , 0.9030438, , , , , , , , , , 2, 1
456, 0.2041655, 0.1140761, , 1.01712, , , , , , , , , , 2, 1
457, 0.2069687, 0.1085705, , 1.12569, , , , , , , , , , 2, 1
458, 0.2096318, 0.1026885, , 1.228379, , , , , , , , , , 2, 1
459, 0.212108, 0.09644577, , 1.324825, , , , , , , , , , 2, 1
460, 0.2144128, 0.08981088, , 1.414636, , , , , , , , , , 2, 1
461, 0.2165464, 0.08281521, , 1.497451, , , , , , , , , , 2, 1
462, 0.2184931, 0.07536468, , 1.572816, , , , , , , , , , 2, 1
463, 0.2202217, 0.0677416, , 1.640557, , , , , , , , , , 2, 1
464, 0.2217324, 0.05985188, , 1.700409, , , , , , , , , , 2, 1
465, 0.2230405, 0.05174256, , 1.752152, , , , , , , , , , 2, 1
466, 0.2241307, 0.04328817, , 1.79544, , , , , , , , , , 2, 1
467, 0.2249872, 0.03478672, , 1.830226, , , , , , , , , , 2, 1
468, 0.2256257, 0.02617547, , 1.856402, , , , , , , , , , 2, 1
469, 0.2260462, 0.01737599, , 1.873778, , , , , , , , , , 2, 1
470, 0.2262487, 0.008419666, , 1.882197, , , , , , , , , , 2, 1
471, 0.2262019, -0.0004268653, , 1.881771, , , , , , , , , , 2, 1
472, 0.2259216, -0.00925771, , 1.872513, , , , , , , , , , 2, 1
473, 0.2254544, -0.0181513, , 1.854362, , , , , , , , , , 2, 1
474, 0.2247225, -0.02695077, , 1.827411, , , , , , , , , , 2, 1
475, 0.2237725, -0.03559339, , 1.791818, , , , , , , , , , 2, 1
476, 0.2226045, -0.04409484, , 1.747723, , , , , , , , , , 2, 1
477, 0.221234, -0.05258061, , 1.695142, , , , , , , , , , 2, 1
478, 0.2196144, -0.06070562, , 1.634436, , , , , , , , , , 2, 1
479, 0.2177923, -0.06857965, , 1.565857, , , , , , , , , , 2, 1
480, 0.2157989, -0.07621841, , 1.489638, , , , , , , , , , 2, 1
481, 0.213603, -0.08366895, , 1.40597, , , , , , , , , , 2, 1
482, 0.2112203, -0.09066461, , 1.315305, , , , , , , , , , 2, 1
483, 0.2086818, -0.0972995, , 1.218005, , , , , , , , , , 2, 1
484, 0.205972, -0.1035736, , 1.114432, , , , , , , , , , 2, 1
485, 0.2030598, -0.10944, , 1.004992, , , , , , , , , , 2, 1
486, 0.1999918, -0.1149769, , 0.8900149, , , , , , , , , , 2, 1
487, 0.1968772, -0.1199648, , 0.77005, , , , , , , , , , 2, 1
488, 0.1936223, -0.1244822, , 0.6455679, , , , , , , , , , 2, 1
489, 0.190274, -0.1285133, , 0.5170546, , , , , , , , , , 2, 1
490, 0.1868479, -0.1320112, , 0.3850434, , , , , , , , , , 2, 1
491, 0.1833127, -0.1350227, , 0.2500207, , , , , , , , , , 2, 1
492, 0.1797308, -0.137501, , 0.1125196, , , , , , , , , , 2, 1
493, 0.1760866, -0.139446, , -0.02692638, , , , , , , , , , 2, 1
494, 0.1724113, -0.1408263, , -0.1677527, , , , , , , , , , 2, 1
495, 0.1686269, -0.1416733, , -0.309426, , , , , , , , , , 2, 1
496, 0.1649516, -0.1419557, , -0.4513817, , , , , , , , , , 2, 1
497, 0.1612607, -0.141689, , -0.5930707, , , , , , , , , , 2, 1
498, 0.1575854, -0.1408577, , -0.7339283, , , , , , , , , , 2, 1
499, 0.1539723, -0.1394931, , -0.8734214, , , , , , , , , , 2, 1
500, 0.150406, -0.1375794, , -1.011001, , , , , , , , , , 2, 1
501, 0.146902, -0.1351012, , -1.146102, , , , , , , , , , 2, 1
502, 0.1434758, -0.132121, , -1.278223, , , , , , , , , , 2, 1
503, 0.1400964, -0.1286231, , -1.406846, , , , , , , , , , 2, 1
504, 0.1367948, -0.1246077, , -1.531454, , , , , , , , , , 2, 1
505, 0.1336957, -0.1200903, , -1.651544, , , , , , , , , , 2, 1
506, 0.1307212, -0.1151494, , -1.766693, , , , , , , , , , 2, 1
507, 0.127918, -0.1095968, , -1.87629, , , , , , , , , , 2, 1
508, 0.1252861, -0.1037462, , -1.980036, , , , , , , , , , 2, 1
509, 0.1227632, -0.09748773, , -2.077524, , , , , , , , , , 2, 1
510, 0.1204272, -0.09086852, , -2.168393, , , , , , , , , , 2, 1
511, 0.118278, -0.08388854, , -2.252281, , , , , , , , , , 2, 1
512, 0.1171567, -0.03393074, , -2.286212, 0.01, -0.03590415, 0.0208471, -0.05376723, -0.08387872, 0.01831836, -0.4163061, 0.4167089, -87.48049, 2, 1
