Experiment:, 100%-SOC_Multiplexer_ChargedDischarged
Start date:, Wednesday, June 19, 2024
Start time:, 6:34:01 PM +02:00
Time (s), Voltage (V), Current (A), Reverse I (A), Charge (C), Frequency (Hz), V' (V), V'' (V), A' (A), A'' (A), Z' (Ohm), Z'' (Ohm), | Z | (Ohm), Phase (Deg), V Range (), I Range ()
1, 2.961445, -0.02251182, , -0.02251182, 100000, 0.001629323, 0.00104632, 0.1154003, -0.05216902, 0.008319733, 0.01282798, 0.0152897, 57.03411, 0, 1
1, 2.961445, -0.02251182, , -0.02251182, 79432.82, 0.001140258, 0.001072303, 0.1180877, -0.01575743, 0.008296601, 0.01018764, 0.01313856, 50.84135, 0, 1
1, 2.961445, -0.02251182, , -0.02251182, 63095.73, 0.001293623, -0.0001321888, 0.07162797, -0.08628491, 0.008275154, 0.008122974, 0.01159573, 44.46829, 0, 1
1, 2.961445, -0.02251182, , -0.02251182, 50118.72, -0.0007563575, -0.0008348083, -0.1052814, -0.01777302, 0.008286576, 0.006530408, 0.01055052, 38.24061, 0, 1
2, 2.961445, -0.0003641238, , -0.02287594, 39810.71, -0.0008007915, 0.0006343981, -0.03318544, 0.0980139, 0.008288614, 0.005363834, 0.009872782, 32.90823, 0, 1
2, 2.961445, -0.0003641238, , -0.02287594, 31622.77, 0.0009382946, 0.000215504, 0.09863757, -0.02841373, 0.008202543, 0.004547647, 0.009378849, 29.00482, 0, 1
2, 2.961445, -0.0003641238, , -0.02287594, 25118.86, -0.0005535224, -0.0007291066, -0.09366634, -0.0465712, 0.007841323, 0.003885353, 0.008751132, 26.35829, 0, 1
2, 2.961445, -0.0003641238, , -0.02287594, 19952.62, 0.0001052825, 0.0008449616, 0.05112043, 0.09279769, 0.00746501, 0.00297779, 0.008037014, 21.74704, 0, 1
3, 2.961445, 0.02054443, , -0.002331515, 15848.93, 0.0007610868, 0.0002802386, 0.1038894, 0.00721824, 0.007477257, 0.002177951, 0.007787993, 16.23961, 0, 1
3, 2.961445, 0.02054443, , -0.002331515, 12589.25, 0.0007682605, 0.0001984281, 0.1023295, 0.003640562, 0.007567122, 0.001669895, 0.007749186, 12.44445, 0, 1
3, 2.961445, 0.02054443, , -0.002331515, 9999.997, 0.0007641558, -0.0001707531, 0.09364606, -0.03866021, 0.007614968, 0.001320324, 0.007728583, 9.836462, 0, 1
3, 2.961445, 0.02054443, , -0.002331515, 7943.28, 0.0007727424, 7.359817e-05, 0.1006187, -0.004200918, 0.007636059, 0.001050268, 0.007707947, 7.831361, 0, 1
4, 2.961445, 0.0007338496, , -0.001597665, 6309.571, 0.0003512916, -0.0006858694, 0.03585474, -0.09369469, 0.007636708, 0.0008269355, 0.007681349, 6.180153, 0, 1
4, 2.961445, 0.0007338496, , -0.001597665, 5011.871, 0.0001317875, -0.0007539666, 0.008877271, -0.09966022, 0.00762268, 0.0006433755, 0.007649783, 4.824489, 0, 1
4, 2.961445, 0.0007338496, , -0.001597665, 3981.07, -2.998912e-05, 0.0007629959, 0.002433058, 0.09988499, 0.007626906, 0.0004860172, 0.007642375, 3.646188, 0, 1
4, 2.961445, 0.0007338496, , -0.001597665, 3162.276, -0.0007618044, 3.931475e-05, -0.09934822, 0.009693036, 0.007633964, 0.0003490906, 0.007641941, 2.618233, 0, 1
5, 2.961046, -0.005038354, , -0.006636019, 2511.885, -0.000468038, 0.0006024678, -0.05872982, 0.08061606, 0.007645284, 0.0002360794, 0.007648928, 1.768679, 0, 1
5, 2.961046, -0.005038354, , -0.006636019, 1995.261, 0.0005930149, -0.0004830811, 0.07597253, -0.06458274, 0.007669055, 0.0001606832, 0.007670739, 1.200294, 0, 1
5, 2.961046, -0.005038354, , -0.006636019, 1584.892, 3.081114e-05, -0.0007650811, 0.003212748, -0.09963759, 0.007680624, 6.157543e-05, 0.007680871, 0.4593294, 0, 1
5, 2.961046, -0.005038354, , -0.006636019, 1258.925, 0.0004654386, 0.0006097221, 0.06035893, 0.07929084, 0.007697575, -1.035611e-05, 0.007697582, -0.07708413, 0, 1
6, 2.961046, 0.02034052, , 0.0137045, 999.9994, 0.0001272154, 0.0007586266, 0.01584463, 0.09838237, 0.007719039, -4.990769e-05, 0.007719201, -0.3704424, 0, 1
6, 2.961046, 0.02034052, , 0.0137045, 794.3277, -0.0003482453, -0.0006894563, -0.04370558, -0.08955781, 0.007750294, -0.0001062356, 0.007751022, -0.785321, 0, 1
6, 2.961046, 0.02034052, , 0.0137045, 630.9569, -0.0006498576, 0.0004209958, -0.08461318, 0.0525893, 0.007770902, -0.0001457167, 0.007772269, -1.07426, 0, 1
6, 2.961046, 0.02034052, , 0.0137045, 501.1869, -0.0001948546, -0.0007563198, -0.022545, -0.09704314, 0.007837135, -0.0001871988, 0.007839371, -1.368314, 0, 1
6, 2.961046, 0.02034052, , 0.0137045, 398.1069, -0.0004516917, -0.0006383867, -0.05493992, -0.08311764, 0.007845028, -0.0002488813, 0.007848975, -1.817083, 0, 1
6, 2.961046, 0.02034052, , 0.0137045, 316.2275, 0.0004767764, 0.000622239, 0.05786298, 0.08108353, 0.007864928, -0.0002674796, 0.007869475, -1.947831, 0, 1
6, 2.961046, 0.02034052, , 0.0137045, 251.1884, -0.0006436508, 0.0004581767, -0.08336767, 0.0545405, 0.007924451, -0.0003115502, 0.007930573, -2.251427, 0, 1
7, 2.961046, -0.0006150892, , 0.01308941, 199.5261, -0.0007681842, 0.0002063309, -0.09729131, 0.02147712, 0.007975231, -0.0003602162, 0.007983362, -2.586113, 0, 1
7, 2.961046, -0.0006150892, , 0.01308941, 158.4892, -0.0002064409, 0.0007724266, -0.03047657, 0.09483425, 0.008016655, -0.0003994261, 0.0080266, -2.852376, 0, 1
7, 2.961046, -0.0006150892, , 0.01308941, 125.8924, 0.000800744, -8.275327e-05, 0.09951102, -0.004775926, 0.008068115, -0.0004443784, 0.008080343, -3.152572, 0, 1
7, 2.961046, -0.0006150892, , 0.01308941, 99.99991, 0.0007618387, 0.0002786373, 0.09129859, 0.03990962, 0.008125846, -0.0005001405, 0.008141223, -3.522074, 0, 1
7, 2.961046, -0.0006150892, , 0.01308941, 79.43275, 0.0008125229, 3.505173e-05, 0.09898571, 0.01110418, 0.008145703, -0.0005596725, 0.008164907, -3.930484, 0, 1
7, 2.961046, -0.0006150892, , 0.01308941, 63.09567, 0.0005939127, -0.0005711663, 0.07678989, -0.06344905, 0.008248597, -0.0006224858, 0.008272052, -4.315683, 0, 1
8, 2.961046, 4.369486e-05, , 0.0131331, 50.11867, 0.0007736759, -0.0003046173, 0.09541972, -0.02866131, 0.008316683, -0.0006943034, 0.008345614, -4.77217, 0, 1
8, 2.961046, 4.369486e-05, , 0.0131331, 39.81068, -0.0007590793, 0.0003559644, -0.09367885, 0.03386748, 0.008381288, -0.0007697708, 0.008416564, -5.24755, 0, 1
8, 2.961046, 4.369486e-05, , 0.0131331, 31.62274, -0.0006260794, 0.0005809353, -0.07952185, 0.06000859, 0.008528986, -0.0008692314, 0.008573165, -5.819206, 0, 1
8, 2.961046, 4.369486e-05, , 0.0131331, 25.11884, 0.0008109275, 0.0002925062, 0.08936784, 0.04404885, 0.008598384, -0.0009650307, 0.00865237, -6.403734, 0, 1
8, 2.961046, 4.369486e-05, , 0.0131331, 19.9526, -0.0003264302, 0.0008143896, -0.04783388, 0.08736572, 0.008745637, -0.001051987, 0.00880868, -6.858988, 0, 1
8, 2.961046, 4.369486e-05, , 0.0131331, 15.84891, -0.0002449015, 0.0008576758, -0.03993662, 0.09125146, 0.008873899, -0.001199893, 0.008954653, -7.700603, 0, 1
9, 2.960646, -8.178793e-05, , 0.01305132, 12.58924, 0.0005939665, 0.0006874359, 0.05369799, 0.08391786, 0.009025371, -0.001302728, 0.009118904, -8.213387, 0, 1
9, 2.960646, -8.178793e-05, , 0.01305132, 9.999988, 0.0001247905, -0.0009235269, 0.02876312, -0.09537411, 0.009237626, -0.001477471, 0.009355033, -9.086956, 0, 1
9, 2.960646, -8.178793e-05, , 0.01305132, 7.943272, -9.082116e-05, 0.0009482368, -0.02645557, 0.09605722, 0.009417627, -0.001648262, 0.009560778, -9.927294, 0, 1
9, 2.960646, -8.178793e-05, , 0.01305132, 6.309565, -0.0003670302, -0.000906988, -0.01985884, -0.09764531, 0.009653753, -0.001795456, 0.009819298, -10.53579, 0, 1
9, 2.960646, -8.178793e-05, , 0.01305132, 5.011866, 0.000993771, 5.521399e-05, 0.09648201, 0.02482812, 0.009798467, -0.001949208, 0.009990464, -11.25097, 0, 1
10, 2.961046, 0.005376709, , 0.01842803, 3.981066, -4.738331e-05, 0.001031242, -0.0255607, 0.09631097, 0.01012484, -0.002195126, 0.01036007, -12.23275, 0, 1
10, 2.961046, 0.005376709, , 0.01842803, 3.162273, -0.0009996581, 0.000338274, -0.09910599, 0.01036651, 0.01033075, -0.002332655, 0.01059083, -12.72385, 0, 1
11, 2.961046, 0.009611751, , 0.02803978, 2.511883, -0.0008217021, -0.0007195956, -0.05767139, -0.08124103, 0.01066375, -0.002544389, 0.0109631, -13.41996, 0, 1
11, 2.961046, 0.009611751, , 0.02803978, 1.995259, -6.72213e-05, -0.001127445, 0.01942753, -0.09773861, 0.01096536, -0.002867355, 0.01133406, -14.65426, 0, 1
12, 2.960646, -0.02953885, , -0.001499072, 1.584891, 0.0005784121, -0.001003495, 0.07155003, -0.06935472, 0.01117707, -0.003190953, 0.01162364, -15.93357, 0, 1
13, 2.960646, -0.006089272, , -0.007588344, 1.258924, 0.0009936087, -0.0006637523, 0.0955663, -0.0281666, 0.01144953, -0.003570904, 0.01199346, -17.32177, 0, 1
14, 2.960646, -0.001383671, , -0.008972015, 0.999998, 0.001208693, -0.0002218345, 0.09851089, 0.01500199, 0.01165638, -0.004027, 0.01233239, -19.0588, 0, 1
15, 2.961046, 0.04289604, , 0.03392402, 0.794327, 0.001265706, 0.0001119914, 0.08921151, 0.04439738, 0.01187209, -0.004652966, 0.01275134, -21.40145, 0, 1
16, 2.960646, -0.03021332, , 0.003710702, , , , , , , , , , 0, 1
17, 2.962244, -0.0124732, , -0.008762501, 0.630956, 0.001262797, 0.0003773397, 0.07528949, 0.065253, 0.01205847, -0.00543916, 0.01322842, -24.2785, 0, 1
18, 2.961046, 0.01318801, , 0.004425506, , , , , , , , , , 0, 1
19, 2.961445, -0.001650322, , 0.002775185, 0.501186, 0.001249583, 0.0005942145, 0.05950619, 0.07993154, 0.0122713, -0.006497627, 0.01388538, -27.90113, 0, 1
20, 2.958249, -0.06214866, , -0.05937348, , , , , , , , , , 0, 1
21, 2.961445, 0.1022023, , 0.04282881, 0.398106, 0.001252825, 0.0007580174, 0.04507322, 0.08887281, 0.01247093, -0.007772002, 0.01469449, -31.93155, 0, 1
22, 2.959847, -0.09546432, , -0.05263551, , , , , , , , , , 0, 1
23, 2.959048, -0.02836245, , -0.08099796, , , , , , , , , , 0, 1
24, 2.961845, 0.1168995, , 0.03590149, , , , , , , , , , 0, 1
25, 2.960646, -0.05232964, , -0.01642815, 0.316227, 0.001313736, 0.0008617127, 0.03420721, 0.09357592, 0.01265035, -0.009414842, 0.01576929, -36.65794, 0, 1
26, 2.95785, -0.1163572, , -0.1327853, , , , , , , , , , 0, 1
27, 2.959048, 0.05310719, , -0.07967815, , , , , , , , , , 0, 1
28, 2.961845, 0.1144996, , 0.03482145, 0.251188, 0.001426355, 0.0009513166, 0.02528265, 0.09638571, 0.01286635, -0.01142347, 0.01720577, -41.60047, 0, 1
29, 2.961046, -0.04186752, , -0.007046074, , , , , , , , , , 0, 1
30, 2.95745, -0.1329523, , -0.1399983, , , , , , , , , , 0, 1
31, 2.957051, -0.04160087, , -0.1815992, , , , , , , , , , 0, 1
32, 2.959448, 0.1063119, , -0.07528737, , , , , , , , , , 0, 1
33, 2.962244, 0.1072059, , 0.03191854, , , , , , , , , , 0, 1
34, 2.961445, -0.02913103, , 0.002787514, 0.199526, 0.001600515, 0.001025048, 0.01786731, 0.09803449, 0.01299969, -0.01395677, 0.01907311, -47.03343, 0, 1
35, 2.958249, -0.1275879, , -0.1248004, , , , , , , , , , 0, 1
36, 2.956252, -0.1097066, , -0.234507, , , , , , , , , , 0, 1
37, 2.957051, 0.007823623, , -0.2266833, , , , , , , , , , 0, 1
38, 2.959048, 0.1177308, , -0.1089526, , , , , , , , , , 0, 1
39, 2.961445, 0.1197856, , 0.01083298, , , , , , , , , , 0, 1
40, 2.961445, 0.01535258, , 0.02618556, 0.158489, 0.001855662, 0.001096521, 0.01199092, 0.09890635, 0.01316751, -0.01716544, 0.02163413, -52.50839, 0, 1
41, 2.958649, -0.08955095, , -0.06336539, , , , , , , , , , 0, 1
42, 2.956252, -0.1379402, , -0.2013056, , , , , , , , , , 0, 1
43, 2.955053, -0.1048285, , -0.306134, , , , , , , , , , 0, 1
44, 2.955453, -0.009743955, , -0.315878, , , , , , , , , , 0, 1
45, 2.95745, 0.09083042, , -0.2250476, , , , , , , , , , 0, 1
46, 2.959448, 0.1371335, , -0.08791405, , , , , , , , , , 0, 1
47, 2.961445, 0.1017631, , 0.01384906, , , , , , , , , , 0, 1
48, 2.961046, 0.008262811, , 0.02211187, 0.125892, 0.002203362, 0.001166997, 0.007077339, 0.0993941, 0.01325238, -0.0212243, 0.02502192, -58.01948, 0, 1
49, 2.958649, -0.07756735, , -0.05545548, , , , , , , , , , 0, 1
50, 2.956252, -0.1310073, , -0.1864628, , , , , , , , , , 0, 1
51, 2.954254, -0.1345522, , -0.3210149, , , , , , , , , , 0, 1
52, 2.953056, -0.08700993, , -0.4080249, , , , , , , , , , 0, 1
53, 2.953455, -0.006308867, , -0.4143337, , , , , , , , , , 0, 1
54, 2.955053, 0.07655677, , -0.337777, , , , , , , , , , 0, 1
55, 2.95745, 0.129981, , -0.2077959, , , , , , , , , , 0, 1
56, 2.960247, 0.133573, , -0.07422299, , , , , , , , , , 0, 1
57, 2.961445, 0.08598365, , 0.01176066, , , , , , , , , , 0, 1
58, 2.961046, 0.007007984, , 0.01876864, 0.1, 0.00265946, 0.001256936, 0.002664232, 0.09961276, 0.01332275, -0.02634166, 0.02951912, -63.1712, 0, 1
59, 2.959448, -0.06346623, , -0.04469759, , , , , , , , , , 0, 1
60, 2.957051, -0.115667, , -0.1603646, , , , , , , , , , 0, 1
61, 2.954654, -0.139744, , -0.3001086, , , , , , , , , , 0, 1
62, 2.952257, -0.129925, , -0.4300337, , , , , , , , , , 0, 1
63, 2.951058, -0.0885314, , -0.5185651, , , , , , , , , , 0, 1
64, 2.951058, -0.02564889, , -0.544214, , , , , , , , , , 0, 1
65, 2.953056, 0.04339796, , -0.500816, , , , , , , , , , 0, 1
66, 2.954654, 0.101716, , -0.3990999, , , , , , , , , , 0, 1
67, 2.956651, 0.1350474, , -0.2640525, , , , , , , , , , 0, 1
68, 2.959048, 0.1353454, , -0.1287071, , , , , , , , , , 0, 1
69, 2.961445, 0.1025474, , -0.02615976, , , , , , , , , , 0, 1
70, 2.961445, 0.04455868, , 0.01839892, , , , , , , , , , 0, 1
71, 2.960646, -0.02004922, , -0.001650302, 0.079433, 0.003264797, 0.001347768, -0.0004259131, 0.09963281, 0.01338703, -0.03282552, 0.03545035, -67.81319, 0, 1
72, 2.959048, -0.0725951, , -0.0742454, , , , , , , , , , 0, 1
73, 2.957051, -0.1136279, , -0.1878733, , , , , , , , , , 0, 1
74, 2.955053, -0.1370618, , -0.3249352, , , , , , , , , , 0, 1
75, 2.952656, -0.1393833, , -0.4643184, , , , , , , , , , 0, 1
76, 2.950259, -0.1201687, , -0.5844871, , , , , , , , , , 0, 1
77, 2.949061, -0.08239843, , -0.6668856, , , , , , , , , , 0, 1
78, 2.948662, -0.03187596, , -0.6987615, , , , , , , , , , 0, 1
79, 2.949061, 0.02350896, , -0.6752526, , , , , , , , , , 0, 1
80, 2.950259, 0.07516077, , -0.6000918, , , , , , , , , , 0, 1
81, 2.953056, 0.1150329, , -0.4850589, , , , , , , , , , 0, 1
82, 2.955453, 0.1369924, , -0.3480666, , , , , , , , , , 0, 1
83, 2.95785, 0.1376511, , -0.2104154, , , , , , , , , , 0, 1
84, 2.959448, 0.1168838, , -0.09353165, , , , , , , , , , 0, 1
85, 2.960646, 0.07792139, , -0.01561026, , , , , , , , , , 0, 1
86, 2.960646, 0.02674014, , 0.01112988, , , , , , , , , , 0, 1
87, 2.960247, -0.02420584, , -0.01307596, 0.063096, 0.004046718, 0.00145676, -0.002928465, 0.09959973, 0.01341993, -0.04102439, 0.04316358, -71.88601, 0, 1
88, 2.959048, -0.06616411, , -0.07924007, , , , , , , , , , 0, 1
89, 2.957051, -0.1015502, , -0.1807903, , , , , , , , , , 0, 1
90, 2.954654, -0.1270232, , -0.3078135, , , , , , , , , , 0, 1
91, 2.952257, -0.139995, , -0.4478085, , , , , , , , , , 0, 1
92, 2.94986, -0.1393048, , -0.5871133, , , , , , , , , , 0, 1
93, 2.947862, -0.1250312, , -0.7121445, , , , , , , , , , 0, 1
94, 2.946265, -0.09842885, , -0.8105733, , , , , , , , , , 0, 1
95, 2.945865, -0.06221141, , -0.8727848, , , , , , , , , , 0, 1
96, 2.945865, -0.01992374, , -0.8927085, , , , , , , , , , 0, 1
97, 2.946664, 0.02427754, , -0.868431, , , , , , , , , , 0, 1
98, 2.947862, 0.06606328, , -0.8023677, , , , , , , , , , 0, 1
99, 2.949461, 0.1012612, , -0.7011065, , , , , , , , , , 0, 1
100, 2.951857, 0.1264518, , -0.5746547, , , , , , , , , , 0, 1
101, 2.954254, 0.139157, , -0.4354978, , , , , , , , , , 0, 1
102, 2.956651, 0.1381374, , -0.2973604, , , , , , , , , , 0, 1
103, 2.958249, 0.1235344, , -0.173826, , , , , , , , , , 0, 1
104, 2.959448, 0.09668105, , -0.07714497, , , , , , , , , , 0, 1
105, 2.960646, 0.0602597, , -0.01688527, , , , , , , , , , 0, 1
106, 2.961046, 0.01786224, , 0.0009769703, , , , , , , , , , 0, 1
107, 2.960646, -0.02284121, , -0.02186424, 0.050119, 0.005052398, 0.001590546, -0.004909823, 0.09952639, 0.01344412, -0.05142763, 0.05315586, -75.34969, 0, 1
108, 2.959048, -0.05675291, , -0.07861716, , , , , , , , , , 0, 1
109, 2.95745, -0.0870413, , -0.1656584, , , , , , , , , , 0, 1
110, 2.955453, -0.1119339, , -0.2775924, , , , , , , , , , 0, 1
111, 2.953056, -0.129925, , -0.4075174, , , , , , , , , , 0, 1
112, 2.94986, -0.1398068, , -0.5473241, , , , , , , , , , 0, 1
113, 2.947862, -0.141093, , -0.6884171, , , , , , , , , , 0, 1
114, 2.945865, -0.1335954, , -0.8220125, , , , , , , , , , 0, 1
115, 2.944267, -0.1178473, , -0.9398598, , , , , , , , , , 0, 1
116, 2.943069, -0.09475848, , -1.034618, , , , , , , , , , 0, 1
117, 2.942669, -0.06583472, , -1.100453, , , , , , , , , , 0, 1
118, 2.94227, -0.0328014, , -1.133254, , , , , , , , , , 0, 1
119, 2.94227, 0.002223957, , -1.13103, , , , , , , , , , 0, 1
120, 2.943468, 0.03712383, , -1.093907, , , , , , , , , , 0, 1
121, 2.945066, 0.06959248, , -1.024314, , , , , , , , , , 0, 1
122, 2.946265, 0.09774765, , -0.9265665, , , , , , , , , , 0, 1
123, 2.947862, 0.1198012, , -0.8067652, , , , , , , , , , 0, 1
124, 2.950259, 0.1342788, , -0.6724864, , , , , , , , , , 0, 1
125, 2.953056, 0.1404275, , -0.532059, , , , , , , , , , 0, 1
126, 2.955053, 0.1378237, , -0.3942353, , , , , , , , , , 0, 1
127, 2.956651, 0.126593, , -0.2676423, , , , , , , , , , 0, 1
128, 2.958249, 0.1075039, , -0.1601384, , , , , , , , , , 0, 1
129, 2.959048, 0.08162313, , -0.07851522, , , , , , , , , , 0, 1
130, 2.959448, 0.05066027, , -0.02785495, , , , , , , , , , 0, 1
131, 2.959448, 0.01646624, , -0.01138871, , , , , , , , , , 0, 1
132, 2.959448, -0.01695921, , -0.02834791, 0.039811, 0.006324234, 0.001771179, -0.006678388, 0.09940983, 0.01348223, -0.06452353, 0.06591704, -78.19782, 0, 1
133, 2.958249, -0.04462814, , -0.07297606, , , , , , , , , , 0, 1
134, 2.95745, -0.07024229, , -0.1432184, , , , , , , , , , 0, 1
135, 2.957051, -0.09314289, , -0.2363612, , , , , , , , , , 0, 1
136, 2.953855, -0.1123574, , -0.3487187, , , , , , , , , , 0, 1
137, 2.951857, -0.1272114, , -0.4759301, , , , , , , , , , 0, 1
138, 2.949061, -0.1370148, , -0.6129449, , , , , , , , , , 0, 1
139, 2.947063, -0.1414851, , -0.75443, , , , , , , , , , 0, 1
140, 2.944667, -0.1404185, , -0.8948485, , , , , , , , , , 0, 1
141, 2.94227, -0.133862, , -1.02871, , , , , , , , , , 0, 1
142, 2.941071, -0.122098, , -1.150809, , , , , , , , , , 0, 1
143, 2.939473, -0.1054716, , -1.25628, , , , , , , , , , 0, 1
144, 2.937875, -0.08478261, , -1.341063, , , , , , , , , , 0, 1
145, 2.937076, -0.06073699, , -1.4018, , , , , , , , , , 0, 1
146, 2.936677, -0.03427582, , -1.436076, , , , , , , , , , 0, 1
147, 2.936677, -0.006528461, , -1.442604, , , , , , , , , , 0, 1
148, 2.937076, 0.02146986, , -1.421134, , , , , , , , , , 0, 1
149, 2.938275, 0.0486055, , -1.372529, , , , , , , , , , 0, 1
150, 2.939873, 0.07376477, , -1.298764, , , , , , , , , , 0, 1
151, 2.941471, 0.09603795, , -1.202726, , , , , , , , , , 0, 1
152, 2.943468, 0.114531, , -1.088195, , , , , , , , , , 0, 1
153, 2.945865, 0.1284439, , -0.9597511, , , , , , , , , , 0, 1
154, 2.947862, 0.137259, , -0.822492, , , , , , , , , , 0, 1
155, 2.950259, 0.1407568, , -0.6817352, , , , , , , , , , 0, 1
156, 2.952656, 0.1385923, , -0.5431429, , , , , , , , , , 0, 1
157, 2.954654, 0.1310476, , -0.4120953, , , , , , , , , , 0, 1
158, 2.956651, 0.1183111, , -0.2937842, , , , , , , , , , 0, 1
159, 2.958249, 0.1008377, , -0.1929465, , , , , , , , , , 0, 1
160, 2.958649, 0.07944287, , -0.1135036, , , , , , , , , , 0, 1
161, 2.959448, 0.05486394, , -0.05863968, , , , , , , , , , 0, 1
162, 2.959847, 0.02813613, , -0.03050355, , , , , , , , , , 0, 1
163, 2.959448, 0.0002005482, , -0.030303, 0.031623, 0.007938419, 0.001990894, -0.007933792, 0.09932223, 0.01357376, -0.08101016, 0.08213948, -80.48809, 0, 1
164, 2.959048, -0.02469208, , -0.05499508, , , , , , , , , , 0, 1
165, 2.95785, -0.04629079, , -0.1012859, , , , , , , , , , 0, 1
166, 2.957051, -0.06676016, , -0.168046, , , , , , , , , , 0, 1
167, 2.955852, -0.08556687, , -0.2536129, , , , , , , , , , 0, 1
168, 2.953855, -0.1022247, , -0.3558376, , , , , , , , , , 0, 1
169, 2.952257, -0.1164513, , -0.4722889, , , , , , , , , , 0, 1
170, 2.950259, -0.1277134, , -0.6000023, , , , , , , , , , 0, 1
171, 2.947862, -0.1357913, , -0.7357936, , , , , , , , , , 0, 1
172, 2.945466, -0.1405283, , -0.8763219, , , , , , , , , , 0, 1
173, 2.943069, -0.1418302, , -1.018152, , , , , , , , , , 0, 1
174, 2.940672, -0.1395872, , -1.157739, , , , , , , , , , 0, 1
175, 2.938674, -0.1339404, , -1.29168, , , , , , , , , , 0, 1
176, 2.936677, -0.1249528, , -1.416632, , , , , , , , , , 0, 1
177, 2.935079, -0.1128594, , -1.529492, , , , , , , , , , 0, 1
178, 2.933481, -0.0979426, , -1.627434, , , , , , , , , , 0, 1
179, 2.932282, -0.08068873, , -1.708123, , , , , , , , , , 0, 1
180, 2.931084, -0.06138008, , -1.769503, , , , , , , , , , 0, 1
181, 2.930684, -0.04054996, , -1.810053, , , , , , , , , , 0, 1
182, 2.930684, -0.01871597, , -1.828769, , , , , , , , , , 0, 1
183, 2.931084, 0.00352584, , -1.825243, , , , , , , , , , 0, 1
184, 2.931883, 0.02575196, , -1.799491, , , , , , , , , , 0, 1
185, 2.932682, 0.04725656, , -1.752235, , , , , , , , , , 0, 1
186, 2.933481, 0.06755338, , -1.684681, , , , , , , , , , 0, 1
187, 2.934679, 0.08621894, , -1.598462, , , , , , , , , , 0, 1
188, 2.936677, 0.1026415, , -1.495821, , , , , , , , , , 0, 1
189, 2.939074, 0.1166014, , -1.37922, , , , , , , , , , 0, 1
190, 2.941071, 0.1275655, , -1.251654, , , , , , , , , , 0, 1
191, 2.942669, 0.1353454, , -1.116309, , , , , , , , , , 0, 1
192, 2.945066, 0.1398, , -0.9765086, , , , , , , , , , 0, 1
193, 2.947463, 0.1407725, , -0.8357361, , , , , , , , , , 0, 1
194, 2.94986, 0.1381688, , -0.6975673, , , , , , , , , , 0, 1
195, 2.952257, 0.1321927, , -0.5653747, , , , , , , , , , 0, 1
196, 2.953455, 0.1229069, , -0.4424677, , , , , , , , , , 0, 1
197, 2.955053, 0.1105469, , -0.3319209, , , , , , , , , , 0, 1
198, 2.956651, 0.09539485, , -0.236526, , , , , , , , , , 0, 1
199, 2.95785, 0.07787433, , -0.1586517, , , , , , , , , , 0, 1
200, 2.958649, 0.0584402, , -0.1002115, , , , , , , , , , 0, 1
201, 2.959048, 0.03746891, , -0.06274257, , , , , , , , , , 0, 1
202, 2.959048, 0.01560355, , -0.04713902, , , , , , , , , , 0, 1
203, 2.959048, -0.006606888, , -0.0537459, 0.025119, 0.009976262, 0.002279227, -0.009041286, 0.09924091, 0.0136946, -0.1017733, 0.1026906, -82.33632, 0, 1
204, 2.958649, -0.02582143, , -0.07956733, , , , , , , , , , 0, 1
205, 2.95785, -0.04299687, , -0.1225642, , , , , , , , , , 0, 1
206, 2.956651, -0.05957627, , -0.1821405, , , , , , , , , , 0, 1
207, 2.955852, -0.07515181, , -0.2572923, , , , , , , , , , 0, 1
208, 2.953855, -0.08961369, , -0.346906, , , , , , , , , , 0, 1
209, 2.951857, -0.1025698, , -0.4494757, , , , , , , , , , 0, 1
210, 2.950259, -0.1140671, , -0.5635428, , , , , , , , , , 0, 1
211, 2.947862, -0.123745, , -0.6872879, , , , , , , , , , 0, 1
212, 2.945466, -0.1314151, , -0.8187029, , , , , , , , , , 0, 1
213, 2.943468, -0.1370618, , -0.9557648, , , , , , , , , , 0, 1
214, 2.941071, -0.1405753, , -1.09634, , , , , , , , , , 0, 1
215, 2.938674, -0.1419086, , -1.238249, , , , , , , , , , 0, 1
216, 2.935878, -0.1409989, , -1.379248, , , , , , , , , , 0, 1
217, 2.93388, -0.1379088, , -1.517156, , , , , , , , , , 0, 1
218, 2.931483, -0.1326699, , -1.649826, , , , , , , , , , 0, 1
219, 2.929486, -0.1253919, , -1.775218, , , , , , , , , , 0, 1
220, 2.927888, -0.1161219, , -1.89134, , , , , , , , , , 0, 1
221, 2.926689, -0.104954, , -1.996294, , , , , , , , , , 0, 1
222, 2.925091, -0.09224882, , -2.088543, , , , , , , , , , 0, 1
223, 2.923893, -0.07806928, , -2.166612, , , , , , , , , , 0, 1
224, 2.923493, -0.06268197, , -2.229294, , , , , , , , , , 0, 1
225, 2.923094, -0.04629079, , -2.275585, , , , , , , , , , 0, 1
226, 2.922694, -0.02919377, , -2.304779, , , , , , , , , , 0, 1
227, 2.922694, -0.01161051, , -2.316389, , , , , , , , , , 0, 1
228, 2.922694, 0.006066864, , -2.310323, , , , , , , , , , 0, 1
229, 2.923094, 0.02377561, , -2.286547, , , , , , , , , , 0, 1
230, 2.924292, 0.04096674, , -2.24558, , , , , , , , , , 0, 1
231, 2.925091, 0.05757751, , -2.188003, , , , , , , , , , 0, 1
232, 2.92629, 0.07318442, , -2.114818, , , , , , , , , , 0, 1
233, 2.927888, 0.08774041, , -2.027078, , , , , , , , , , 0, 1
234, 2.929885, 0.1008377, , -1.92624, , , , , , , , , , 0, 1
235, 2.931883, 0.1124134, , -1.813827, , , , , , , , , , 0, 1
236, 2.933481, 0.1221854, , -1.691641, , , , , , , , , , 0, 1
237, 2.935878, 0.129981, , -1.56166, , , , , , , , , , 0, 1
238, 2.938275, 0.1357375, , -1.425923, , , , , , , , , , 0, 1
239, 2.940272, 0.1394079, , -1.286515, , , , , , , , , , 0, 1
240, 2.94227, 0.140898, , -1.145617, , , , , , , , , , 0, 1
241, 2.944667, 0.1401451, , -1.005472, , , , , , , , , , 0, 1
242, 2.947063, 0.1371178, , -0.8683538, , , , , , , , , , 0, 1
243, 2.948662, 0.1320044, , -0.7363493, , , , , , , , , , 0, 1
244, 2.950659, 0.1248519, , -0.6114975, , , , , , , , , , 0, 1
245, 2.952656, 0.1157074, , -0.4957901, , , , , , , , , , 0, 1
246, 2.953855, 0.1046178, , -0.3911722, , , , , , , , , , 0, 1
247, 2.954654, 0.09202251, , -0.2991497, , , , , , , , , , 0, 1
248, 2.955852, 0.07789002, , -0.2212597, , , , , , , , , , 0, 1
249, 2.956651, 0.06254976, , -0.15871, , , , , , , , , , 0, 1
250, 2.95745, 0.04623701, , -0.1124729, , , , , , , , , , 0, 1
251, 2.95785, 0.02921842, , -0.08325452, , , , , , , , , , 0, 1
252, 2.95785, 0.01161947, , -0.07163505, , , , , , , , , , 0, 1
253, 2.95785, -0.006073587, , -0.07770864, 0.019953, 0.01254934, 0.002626449, -0.009792932, 0.09915011, 0.01385341, -0.1279373, 0.1286852, -83.81993, 0, 1
254, 2.95745, -0.02193146, , -0.0996401, , , , , , , , , , 0, 1
255, 2.957051, -0.03570319, , -0.1353433, , , , , , , , , , 0, 1
256, 2.956252, -0.04917689, , -0.1845202, , , , , , , , , , 0, 1
257, 2.955053, -0.06214866, , -0.2466688, , , , , , , , , , 0, 1
258, 2.953855, -0.07446165, , -0.3211305, , , , , , , , , , 0, 1
259, 2.952257, -0.08613154, , -0.407262, , , , , , , , , , 0, 1
260, 2.950659, -0.096876, , -0.5041381, , , , , , , , , , 0, 1
261, 2.949461, -0.106648, , -0.610786, , , , , , , , , , 0, 1
262, 2.947063, -0.1154945, , -0.7262805, , , , , , , , , , 0, 1
263, 2.945066, -0.1231019, , -0.8493824, , , , , , , , , , 0, 1
264, 2.943069, -0.1295172, , -0.9788995, , , , , , , , , , 0, 1
265, 2.941071, -0.1346149, , -1.113514, , , , , , , , , , 0, 1
266, 2.938275, -0.1383951, , -1.25191, , , , , , , , , , 0, 1
267, 2.936277, -0.140842, , -1.392752, , , , , , , , , , 0, 1
268, 2.93428, -0.1419243, , -1.534676, , , , , , , , , , 0, 1
269, 2.931883, -0.1415635, , -1.676239, , , , , , , , , , 0, 1
270, 2.929885, -0.1397911, , -1.81603, , , , , , , , , , 0, 1
271, 2.928287, -0.1367011, , -1.952731, , , , , , , , , , 0, 1
272, 2.925491, -0.1322151, , -2.084947, , , , , , , , , , 0, 1
273, 2.923493, -0.1264899, , -2.211437, , , , , , , , , , 0, 1
274, 2.921496, -0.1194786, , -2.330915, , , , , , , , , , 0, 1
275, 2.919898, -0.1112124, , -2.442127, , , , , , , , , , 0, 1
276, 2.9183, -0.101911, , -2.544039, , , , , , , , , , 0, 1
277, 2.916302, -0.0916371, , -2.635675, , , , , , , , , , 0, 1
278, 2.915104, -0.08042208, , -2.716098, , , , , , , , , , 0, 1
279, 2.913906, -0.06839143, , -2.784489, , , , , , , , , , 0, 1
280, 2.913106, -0.05579611, , -2.840285, , , , , , , , , , 0, 1
281, 2.912707, -0.04246357, , -2.882749, , , , , , , , , , 0, 1
282, 2.912308, -0.02889575, , -2.911644, , , , , , , , , , 0, 1
283, 2.912308, -0.01492012, , -2.926564, , , , , , , , , , 0, 1
284, 2.912308, -0.0008660547, , -2.927431, , , , , , , , , , 0, 1
285, 2.912707, 0.01318801, , -2.914243, , , , , , , , , , 0, 1
286, 2.913506, 0.0272107, , -2.887032, , , , , , , , , , 0, 1
287, 2.914305, 0.0407942, , -2.846238, , , , , , , , , , 0, 1
288, 2.915503, 0.05409537, , -2.792142, , , , , , , , , , 0, 1
289, 2.916302, 0.06673775, , -2.725405, , , , , , , , , , 0, 1
290, 2.9179, 0.07881545, , -2.646589, , , , , , , , , , 0, 1
291, 2.919498, 0.09007753, , -2.556512, , , , , , , , , , 0, 1
292, 2.921096, 0.1003985, , -2.456113, , , , , , , , , , 0, 1
293, 2.923094, 0.1097783, , -2.346335, , , , , , , , , , 0, 1
294, 2.924692, 0.1180602, , -2.228275, , , , , , , , , , 0, 1
295, 2.92629, 0.1251186, , -2.103156, , , , , , , , , , 0, 1
296, 2.928687, 0.1309222, , -1.972234, , , , , , , , , , 0, 1
297, 2.931483, 0.1354395, , -1.836794, , , , , , , , , , 0, 1
298, 2.933481, 0.1386236, , -1.698171, , , , , , , , , , 0, 1
299, 2.935878, 0.1404745, , -1.557696, , , , , , , , , , 0, 1
300, 2.937476, 0.1409137, , -1.416783, , , , , , , , , , 0, 1
301, 2.939873, 0.1399098, , -1.276873, , , , , , , , , , 0, 1
302, 2.94187, 0.13751, , -1.139363, , , , , , , , , , 0, 1
303, 2.944267, 0.1337926, , -1.00557, , , , , , , , , , 0, 1
304, 2.946664, 0.1287419, , -0.8768283, , , , , , , , , , 0, 1
305, 2.948662, 0.122405, , -0.7544233, , , , , , , , , , 0, 1
306, 2.950259, 0.1148604, , -0.639563, , , , , , , , , , 0, 1
307, 2.951857, 0.1060923, , -0.5334707, , , , , , , , , , 0, 1
308, 2.953056, 0.09632029, , -0.4371504, , , , , , , , , , 0, 1
309, 2.954254, 0.08565426, , -0.3514962, , , , , , , , , , 0, 1
310, 2.955453, 0.07400006, , -0.2774961, , , , , , , , , , 0, 1
311, 2.955852, 0.06171843, , -0.2157777, , , , , , , , , , 0, 1
312, 2.956252, 0.04879372, , -0.166984, , , , , , , , , , 0, 1
313, 2.957051, 0.03535139, , -0.1316326, , , , , , , , , , 0, 1
314, 2.95745, 0.02161103, , -0.1100215, , , , , , , , , , 0, 1
315, 2.957051, 0.00749423, , -0.1025273, , , , , , , , , , 0, 1
316, 2.956651, -0.006528461, , -0.1090558, 0.015849, 0.01578816, 0.003085687, -0.01042353, 0.09908785, 0.01422232, -0.1608311, 0.1614587, -84.94647, 0, 1
317, 2.956252, -0.02030019, , -0.129356, , , , , , , , , , 0, 1
318, 2.955852, -0.03341313, , -0.1627691, , , , , , , , , , 0, 1
319, 2.955053, -0.04621236, , -0.2089814, , , , , , , , , , 0, 1
320, 2.954254, -0.05865083, , -0.2676323, , , , , , , , , , 0, 1
321, 2.952656, -0.07047758, , -0.3381099, , , , , , , , , , 0, 1
322, 2.951058, -0.08175533, , -0.4198652, , , , , , , , , , 0, 1
323, 2.94986, -0.09232725, , -0.5121924, , , , , , , , , , 0, 1
324, 2.948262, -0.1019737, , -0.6141662, , , , , , , , , , 0, 1
325, 2.946664, -0.1108203, , -0.7249864, , , , , , , , , , 0, 1
326, 2.945066, -0.1186943, , -0.8436807, , , , , , , , , , 0, 1
327, 2.942669, -0.1254547, , -0.9691354, , , , , , , , , , 0, 1
328, 2.940672, -0.1311641, , -1.1003, , , , , , , , , , 0, 1
329, 2.938275, -0.1356345, , -1.235934, , , , , , , , , , 0, 1
330, 2.936277, -0.1389911, , -1.374925, , , , , , , , , , 0, 1
331, 2.93388, -0.1410773, , -1.516002, , , , , , , , , , 0, 1
332, 2.931883, -0.14194, , -1.657942, , , , , , , , , , 0, 1
333, 2.929486, -0.1415322, , -1.799474, , , , , , , , , , 0, 1
334, 2.927089, -0.1398381, , -1.939313, , , , , , , , , , 0, 1
335, 2.924292, -0.1369834, , -2.076296, , , , , , , , , , 0, 1
336, 2.922295, -0.1329052, , -2.209201, , , , , , , , , , 0, 1
337, 2.920297, -0.1276349, , -2.336836, , , , , , , , , , 0, 1
338, 2.9183, -0.1212667, , -2.458103, , , , , , , , , , 0, 1
339, 2.916702, -0.1138162, , -2.571919, , , , , , , , , , 0, 1
340, 2.915104, -0.105252, , -2.677171, , , , , , , , , , 0, 1
341, 2.913506, -0.09588782, , -2.773059, , , , , , , , , , 0, 1
342, 2.911908, -0.08567667, , -2.858736, , , , , , , , , , 0, 1
343, 2.91071, -0.07458714, , -2.933323, , , , , , , , , , 0, 1
344, 2.91031, -0.0629643, , -2.996287, , , , , , , , , , 0, 1
345, 2.909511, -0.05076111, , -3.047048, , , , , , , , , , 0, 1
346, 2.908712, -0.03800893, , -3.085057, , , , , , , , , , 0, 1
347, 2.909111, -0.02506853, , -3.110126, , , , , , , , , , 0, 1
348, 2.909111, -0.01176736, , -3.121893, , , , , , , , , , 0, 1
349, 2.909111, 0.001486746, , -3.120406, , , , , , , , , , 0, 1
350, 2.909911, 0.01481928, , -3.105587, , , , , , , , , , 0, 1
351, 2.91031, 0.02805771, , -3.077529, , , , , , , , , , 0, 1
352, 2.911109, 0.040904, , -3.036625, , , , , , , , , , 0, 1
353, 2.911908, 0.05351501, , -2.98311, , , , , , , , , , 0, 1
354, 2.913506, 0.06554566, , -2.917565, , , , , , , , , , 0, 1
355, 2.915104, 0.07701164, , -2.840553, , , , , , , , , , 0, 1
356, 2.916302, 0.08783452, , -2.752718, , , , , , , , , , 0, 1
357, 2.9183, 0.09782608, , -2.654892, , , , , , , , , , 0, 1
358, 2.920297, 0.1069393, , -2.547953, , , , , , , , , , 0, 1
359, 2.922295, 0.1151741, , -2.432779, , , , , , , , , , 0, 1
360, 2.923893, 0.1223266, , -2.310452, , , , , , , , , , 0, 1
361, 2.925491, 0.1283497, , -2.182103, , , , , , , , , , 0, 1
362, 2.927888, 0.1332436, , -2.048859, , , , , , , , , , 0, 1
363, 2.930285, 0.1369767, , -1.911882, , , , , , , , , , 0, 1
364, 2.932282, 0.1394863, , -1.772396, , , , , , , , , , 0, 1
365, 2.935079, 0.1408196, , -1.631577, , , , , , , , , , 0, 1
366, 2.937476, 0.1408353, , -1.490741, , , , , , , , , , 0, 1
367, 2.939074, 0.1395491, , -1.351192, , , , , , , , , , 0, 1
368, 2.940672, 0.1370394, , -1.214153, , , , , , , , , , 0, 1
369, 2.943069, 0.1333691, , -1.080784, , , , , , , , , , 0, 1
370, 2.944667, 0.1285066, , -0.9522771, , , , , , , , , , 0, 1
371, 2.946664, 0.1225148, , -0.8297623, , , , , , , , , , 0, 1
372, 2.948662, 0.1153937, , -0.7143686, , , , , , , , , , 0, 1
373, 2.950259, 0.1071745, , -0.6071941, , , , , , , , , , 0, 1
374, 2.951857, 0.09807704, , -0.509117, , , , , , , , , , 0, 1
375, 2.953056, 0.08816391, , -0.4209531, , , , , , , , , , 0, 1
376, 2.954654, 0.07732535, , -0.3436278, , , , , , , , , , 0, 1
377, 2.955453, 0.06585936, , -0.2777684, , , , , , , , , , 0, 1
378, 2.955852, 0.05387577, , -0.2238926, , , , , , , , , , 0, 1
379, 2.956651, 0.04128044, , -0.1826122, , , , , , , , , , 0, 1
380, 2.956651, 0.02841847, , -0.1541937, , , , , , , , , , 0, 1
381, 2.956651, 0.0152271, , -0.1389666, , , , , , , , , , 0, 1
382, 2.956651, 0.001878879, , -0.1370877, , , , , , , , , , 0, 1
383, 2.956651, -0.008991059, , -0.1460788, 0.015, 0.01667915, 0.00325827, -0.01093886, 0.09904809, 0.01412608, -0.1699546, 0.1705406, -85.24868, 0, 1
